企業名,URL,役職名,氏名
トヨタ自動車株式会社,https://global.toyota/,,
ボルボ・カー・ジャパン株式会社,https://www.volvocars.com/jp/,,
株式会社三菱ＵＦＪフィナンシャル・グループ,http://www.mufg.jp/,,
日本生命保険相互会社,http://www.nissay.co.jp/,,
ＫＤＤＩ株式会社,http://www.kddi.com/,,
三菱商事株式会社,https://www.mitsubishicorp.com/jp/ja/,,
株式会社セブン－イレブン・ジャパン,http://www.sej.co.jp/,,
パナソニック株式会社,https://www.panasonic.com/jp/home.html,,
ユーシーカード株式会社,http://www2.uccard.co.jp/index.html,,
本田技研工業株式会社,http://www.honda.co.jp/,,
プルデンシャルジブラルタファイナンシャル生命保険株式会社,http://www.pgf-life.co.jp,,
三井物産株式会社,https://www.mitsui.com/jp/ja/,,
株式会社ＳＵＺＵＫＩ,http://www.suzuki.co.jp/,,
日産自動車株式会社,http://www.nissan.co.jp/,,
伊藤忠商事株式会社,https://www.itochu.co.jp/ja/,,
株式会社三菱ＵＦＪ銀行,http://www.bk.mufg.jp/,,
日本製鉄株式会社,https://www.nipponsteel.com/,,
みずほ信託銀行株式会社,http://www.mizuho-tb.co.jp/,,
豊田通商株式会社,http://www.toyota-tsusho.com/,,
丸紅株式会社,https://www.marubeni.com/jp/,,
株式会社東芝,http://www.toshiba.co.jp/index_j3.htm,,
ソフトバンク株式会社,https://www.softbank.jp,,
キヤノン株式会社,http://canon.jp/,,
出光興産株式会社,http://www.idemitsu.co.jp/index.html?sscl=head01,,
株式会社ジャルカード,http://jalcard.jal.co.jp/profile/,,
三重交通グループホールディングス株式会社,http://holdings.sanco.co.jp/,,
株式会社デンソー,http://www.denso.co.jp/,,
関西電力株式会社,http://www.kepco.co.jp/,,
株式会社ファミリーマート,https://www.family.co.jp/,,
中部電力株式会社,https://www.chuden.co.jp/,,
明治安田生命保険相互会社,http://www.meijiyasuda.co.jp/,,
三菱電機株式会社,http://www.MitsubishiElectric.co.jp/,,
マツダ株式会社,http://www.mazda.co.jp/,,
三菱食品株式会社,http://www.mitsubishi-shokuhin.com/,,
サントリーホールディングス株式会社,http://www.suntory.co.jp/,,
双日株式会社,http://www.sojitz.com/jp/,,
住友生命保険相互会社,http://www.sumitomolife.co.jp/,,
伊藤忠丸紅鉄鋼株式会社,http://www.benichu.com/,,
住友商事株式会社,http://www.sumitomocorp.co.jp/,,
ＪＦＥスチール株式会社,http://www.jfe-steel.co.jp/,,
株式会社アプラス,http://www.aplus.co.jp/,,
株式会社三井住友銀行,http://www.smbc.co.jp/,,
株式会社ローソン,http://www.lawson.co.jp/,,
日鉄物産株式会社,https://www.nst.nipponsteel.com/,,
損害保険ジャパン株式会社,http://www.sjnk.co.jp/,,
東京海上日動火災保険株式会社,http://www.tokiomarine-nichido.co.jp,,
株式会社日本アクセス,http://www.nippon-access.co.jp/,,
アルフレッサ株式会社,http://www.alfresa.co.jp/,,
東日本旅客鉄道株式会社,http://www.jreast.co.jp,,
武田薬品工業株式会社,http://www.takeda.co.jp/,,
東北電力株式会社,http://www.tohoku-epco.co.jp/,,
株式会社メディセオ,https://www.mediceo.co.jp/index.html,,
株式会社スズケン,http://www.suzuken.co.jp/,,
三菱自動車工業株式会社,https://www.mitsubishi-motors.com/jp/,,
日野自動車株式会社,http://www.hino.co.jp/index.html,,
スズキ株式会社,http://www.suzuki.co.jp/,,
株式会社スバル,https://www.subaru.jp/showroom/,,
株式会社ＳＵＢＡＲＵ,http://www.fhi.co.jp/,,
株式会社日立製作所,http://www.hitachi.co.jp/,,
大和ハウス工業株式会社,http://www.daiwahouse.co.jp/,,
鹿島建設株式会社,http://www.kajima.co.jp/,,
九州電力株式会社,http://www.kyuden.co.jp/,,
株式会社ゆうちょ銀行,http://www.jp-bank.japanpost.jp/,,
東京瓦斯株式会社,http://www.tokyo-gas.co.jp/,,
トヨタ車体株式会社,http://www.toyota-body.co.jp,,
三井不動産リアルティ株式会社,http://www.mf-realty.jp/index.html,,
阪和興業株式会社,https://www.hanwa.co.jp/,,
日本電気株式会社,http://www.nec.co.jp/,,
ヤマト運輸株式会社,http://www.kuronekoyamato.co.jp/,,
シャープ株式会社,http://www.sharp.co.jp/,,
クボタ機械設計株式会社,http://www.kubota-design.co.jp/,,
株式会社明治,https://www.meiji.co.jp/,,
株式会社マルハン,http://www.maruhan.co.jp/,,
株式会社電通グループ,http://www.dentsu.co.jp/,,
アフラック・インターナショナル・インコーポレーテッド,http://www.aflac.co.jp/,,
リフィニティブ・ジャパン株式会社,https://www.refinitiv.com/ja,,
ＳＴＥ合同会社,http://stellc.co.jp/index.html,,
東海旅客鉄道株式会社,http://www.jr-central.co.jp/,,
アイシン・エィ・ダブリュ株式会社,http://www.aisin-aw.co.jp/,,
ジブラルタ生命保険株式会社,http://www.gib-life.co.jp/index.html,,
清水建設株式会社,http://www.shimz.co.jp/,,
株式会社大林組,http://www.obayashi.co.jp/,,
株式会社ヤマダホールディングス,http://www.yamada-denki.jp/,,
株式会社埼玉村田製作所,https://www.murata.com/ja-jp/group/toko,,
株式会社伊勢村田製作所,https://www.murata.com//ja-jp/group/isemurata,,
株式会社豊田自動織機,http://www.toyota-shokki.co.jp/,,
株式会社竹中工務店,http://www.takenaka.co.jp/,,
大成建設株式会社,http://www.taisei.co.jp/,,
住友不動産販売株式会社,http://www.stepon.co.jp/,,
ＪＦＥ商事株式会社,http://www.jfe-shoji.co.jp/,,
中国電力株式会社,http://www.energia.co.jp/,,
キオクシアホールディングス株式会社,https://www.kioxia-holdings.com/ja-jp/about.html,,
日本航空株式会社,https://www.jal.com/ja/,,
あいおいニッセイ同和損害保険株式会社,http://www.aioinissaydowa.co.jp/,,
株式会社岡山村田製作所,http://www.murata.co.jp/okayamamurata/,,
株式会社小松村田製作所,https://www.murata.com/ja-jp/group/komatsumurata?intcid5=com_xxx_xxx_cmn_hd_xxx,,
株式会社イトーヨーカ堂,http://www.itoyokado.co.jp/corporate/index.html,,
キオクシア株式会社,https://www.kioxia.com/ja-jp/top.html,,
川崎重工業株式会社,http://www.khi.co.jp/,,
積水ハウス株式会社,https://www.sekisuihouse.co.jp/,,
東京エレクトロン株式会社,https://www.tel.co.jp/,,
住友電気工業株式会社,http://www.sei.co.jp/,,
いすゞ自動車株式会社,http://www.isuzu.co.jp/index.html,,
日本通運株式会社,https://www.nittsu.co.jp/,,
大阪瓦斯株式会社,http://www.osakagas.co.jp/,,
株式会社神戸製鋼所,http://www.kobelco.co.jp/,,
株式会社ホンダトレーディング,https://www.hondatrading.com/,,
株式会社村田製作所,http://www.murata.co.jp/,,
西日本高速道路株式会社,http://corp.w-nexco.co.jp/,,
佐川グローバルロジスティクス株式会社,http://www.sagawa-logi.com/,,
東日本高速道路株式会社,https://www.e-nexco.co.jp/,,
株式会社ＰＡＬＴＡＣ,http://www.paltac.co.jp/,,
任天堂株式会社,http://www.nintendo.co.jp/,,
パナソニックコンシューマーマーケティング株式会社,http://www.panasonic.com/jp/company/pcmc.html,,
株式会社シジシージャパン,http://www.cgcjapan.co.jp/,,
田中貴金属工業株式会社,https://www.tanaka.co.jp/about/group/tkk.html,,
大日本印刷株式会社,http://www.dnp.co.jp/,,
西日本旅客鉄道株式会社,http://www.westjr.co.jp/,,
日本警備保障株式会社,https://www.secom.co.jp/,,
伊藤忠エネクス株式会社,http://www.itcenex.com/,,
大樹生命保険株式会社,http://www.mitsui-seimei.co.jp/,,
アサヒビール株式会社,http://www.asahibeer.co.jp/,,
株式会社小松製作所,https://home.komatsu/jp/,,
花王株式会社,http://www.kao.com/jp/,,
東京海上日動あんしん生命保険株式会社,http://www.tmn-anshin.co.jp/,,
日本アイ・ビー・エム株式会社,http://www.ibm.com/jp,,
ワイジェイＦＸ株式会社,https://www.yjfx.jp/,,
株式会社ブリヂストン,https://www.bridgestone.co.jp/,,
株式会社リコー,http://www.ricoh.co.jp/,,
三菱重工業株式会社,https://www.mhi.com/jp/,,
株式会社エヌ・ティ・ティ・データ,http://www.nttdata.com/jp/ja/index.html,,
大東建託パートナーズ株式会社,http://www.kentaku-partners.com/,,
株式会社クボタ,https://www.kubota.co.jp/index.html,,
株式会社ＬＩＸＩＬ,https://www.lixil.co.jp/,,
東芝デバイス＆ストレージ株式会社,https://toshiba.semicon-storage.com/jp/top.html,,
住友不動産株式会社,http://www.sumitomo-rd.co.jp/,,
富士電機機器制御株式会社,http://www.fujielectric.co.jp/fcs/index.html,,
株式会社アイシン,http://www.aisin.co.jp/,,
三菱マテリアル株式会社,http://www.mmc.co.jp/,,
三菱パワー株式会社,https://power.mhi.com/jp,,
三菱ＵＦＪ信託銀行株式会社,https://www.tr.mufg.jp/,,
ゲンキー株式会社,http://www.genky.co.jp/,,
信越化学工業株式会社,http://www.shinetsu.co.jp/,,
東京電力ホールディングス株式会社,http://www.tepco.co.jp/,,
凸版印刷株式会社,https://www.toppan.co.jp/,,
ヤンマーホールディングス株式会社,http://www.yanmar.com/,,
日本ハム株式会社,http://www.nipponham.co.jp/,,
セイコーエプソン株式会社,http://www.epson.jp/,,
三井住友海上プライマリー生命保険株式会社,http://www.ms-primary.com/,,
神鋼商事株式会社,http://www.shinsho.co.jp/,,
株式会社ダイエー,http://www.daiei.co.jp/index.php,,
三菱重工フォークリフト＆エンジン・ターボホールディングス株式会社,http://www.mfet.co.jp/,,
エムエム建材株式会社,http://www.mokmbs.com/,,
株式会社商船三井,http://www.mol.co.jp/index.html,,
住友金属鉱山株式会社,http://www.smm.co.jp/,,
トヨタ紡織株式会社,https://www.toyota-boshoku.com/jp/,,
ジヤトコ株式会社,http://www.jatco.co.jp/,,
山崎製パン株式会社,https://www.yamazakipan.co.jp/,,
日本電信電話株式会社,http://www.ntt.co.jp/,,
ユニーグループ・ホールディングス株式会社,http://www.uny.co.jp/corporate/index.html,,
トモシアホールディングス株式会社,http://www.tomoshia.co.jp/,,
株式会社エーアイ,https://www.ai-j.jp/company/,,
京セラ株式会社,http://www.kyocera.co.jp/,,
三井不動産株式会社,http://www.mitsuifudosan.co.jp/,,
パンパシフィック・カッパー株式会社,http://www.ppcu.co.jp/index.html,,
株式会社エイチ・アイ・エス,https://www.his.co.jp/,,
住友化学株式会社,http://www.sumitomo-chem.co.jp,,
高島屋ファイナンシャル・パートナーズ株式会社,http://www.t-card.co.jp/,,
北海道電力株式会社,http://www.hepco.co.jp/,,
住友林業株式会社,http://sfc.jp,,
三菱ふそうトラック・バス株式会社,http://www.mitsubishi-fuso.com/content/fuso/jp/index.html,,
株式会社高島屋,https://www.takashimaya.co.jp/,,
太陽生命保険株式会社,https://www.taiyo-seimei.co.jp/index.html,,
加藤産業株式会社,http://www.katosangyo.co.jp/,,
ＴＳネットワーク株式会社,http://www.tsnk.co.jp/,,
株式会社ヨドバシカメラ,http://www.yodobashi.co.jp/company/index.html,,
日本郵船株式会社,http://www.nyk.com/,,
株式会社ＩＨＩ,https://www.ihi.co.jp/,,
株式会社ライフコーポレーション,http://www.lifecorp.jp/,,
株式会社ジェイエムエス,http://www.japanmerchantservices.com,,
日本たばこ産業株式会社,https://www.jti.co.jp/,,
株式会社イズミ,http://www.izumi.co.jp/,,
ダイワボウ情報システム株式会社,http://www.pc-daiwabo.co.jp/,,
株式会社大塚商会,http://www.otsuka-shokai.co.jp/,,
株式会社ライフコーポレーション,http://www.lifecorp.jp,,
エヌ・ティ・ティ・コミュニケーションズ株式会社,http://www.ntt.com/,,
ヤマハ発動機株式会社,http://www.yamaha-motor.co.jp/,,
三井化学株式会社,https://jp.mitsuichemicals.com/jp/,,
旭化成株式会社,https://www.asahi-kasei.co.jp/asahi/jp/,,
株式会社ダイナム,https://www.dynam.jp/top/index.html,,
リコージャパン株式会社,https://www.ricoh.co.jp/,,
ＴＫＪＰ株式会社,http://www.tkjpkk.com/,,
四国電力株式会社,http://www.yonden.co.jp/,,
伊藤忠食品株式会社,https://www.itochu-shokuhin.com/,,
株式会社エディオン,http://www.edion.co.jp/,,
電源開発株式会社,http://www.jpower.co.jp/,,
株式会社読売新聞西部本社,https://info.yomiuri.co.jp/group/about/data/index.html,,
岡谷鋼機株式会社,http://www.okaya.co.jp/,,
株式会社ニトリ,https://www.nitori.co.jp/,,
株式会社大丸松坂屋百貨店,http://www.daimaru-matsuzakaya.com/index.html,,
アクサ生命保険株式会社,https://www.axa.co.jp/,,
株式会社ジャパンディスプレイ,https://www.j-display.com/,,
太陽石油株式会社,http://www.taiyooil.net,,
ルネサスエレクトロニクス株式会社,https://www.renesas.com/ja-jp/,,
第一三共株式会社,http://www.daiichisankyo.co.jp/,,
東レ株式会社,http://www.toray.co.jp/,,
株式会社イズミ,http://www.c21izumi.com/,,
三菱商事エネルギー株式会社,http://www.mc-ene.com/,,
大東建託株式会社,http://www.kentaku.co.jp/,,
株式会社コスモス薬品,http://www.cosmospc.co.jp/,,
日本製紙株式会社,https://www.nipponpapergroup.com/,,
株式会社あらた,http://www.arata-gr.jp/,,
株式会社ウエスコホールディングス,https://www.wescohd.co.jp/,,
アステラス製薬株式会社,http://www.astellas.com/jp/,,
株式会社日立ハイテク,https://www.hitachi-hightech.com/jp/,,
旭化成ホームズ株式会社,http://www.asahi-kasei.co.jp/j-koho/index.html/,,
株式会社そごう・西武,http://www.sogo-seibu.co.jp/,,
株式会社クラレ,http://www.kuraray.co.jp/,,
株式会社本田技術研究所,https://www.honda.co.jp/RandD/,,
東ソー株式会社,http://www.tosoh.co.jp/,,
東レインターナショナル株式会社,http://www.toray-intl.co.jp/,,
日産トレーデイングオペレーションジャパン株式会社,http://www.nitco-jp.com,,
株式会社ゼンショーホールディングス,http://www.zensho.co.jp/,,
日産車体株式会社,https://www.nissan-shatai.co.jp/index.html?cfg=pc,,
三菱ケミカル株式会社,https://www.m-chemical.co.jp/index.html,,
川崎汽船株式会社,https://www.kline.co.jp/ja/index.html,,
オリックス株式会社,http://www.orix.co.jp/,,
株式会社三越伊勢丹,http://www.imhds.co.jp/company/isetanmitsukoshi.html,,
富士電機株式会社,http://www.fujielectric.co.jp/,,
昭和電工株式会社,http://www.sdk.co.jp/,,
ミネベアミツミ株式会社,http://www.minebeamitsumi.com/index.html,,
株式会社ケーズホールディングス,http://www.ksdenki.co.jp/kshd/default.aspx,,
北陸電力株式会社,http://www.rikuden.co.jp/,,
野村證券株式会社,http://www.nomura.co.jp/,,
キユーピー株式会社,http://www.kewpie.co.jp/,,
日揮株式会社,https://www.jgc.com/jp/about/related-companies/domestic.html,,
センコーグループホールディングス株式会社,http://www.senkogrouphd.co.jp/,,
中外製薬株式会社,http://www.chugai-pharm.co.jp,,
ダイキン工業株式会社,http://www.daikin.co.jp/,,
ＳＦＳ株式会社,https://www.suntoryfoods.co.jp/index.html,,
株式会社しまむら,http://www.shimamura-store.com/,,
株式会社長谷工コーポレーション,http://www.haseko.co.jp/,,
サントリーフーズ株式会社,https://www.suntory.co.jp/company/group/foods/index.html,,
大塚製薬株式会社,http://www.otsuka.co.jp/,,
伊藤ハム株式会社,http://www.itoham.co.jp/,,
日立建機株式会社,https://www.hitachicm.com/global/jp/,,
株式会社バロー,http://www.valor.co.jp,,
ＡＧＣ株式会社,http://www.agc.co.jp/,,
楽天グループ株式会社,https://corp.rakuten.co.jp/,,
いすゞ自動車販売株式会社,http://www.isuzu-motors-sales.co.jp/,,
日清製粉株式会社,http://www.nisshin.com/,,
株式会社しまむら,http://www.shimamura.gr.jp/,,
日立金属株式会社,https://www.hitachi-metals.co.jp/,,
富士石油株式会社,http://www.foc.co.jp/,,
富国生命保険相互会社,http://www.fukoku-life.co.jp/index.html,,
住友電装株式会社,https://www.sws.co.jp/,,
日本マクドナルド株式会社,http://www.mcdonalds.co.jp/company/outline/gaiyo/,,
株式会社ノジマ,http://www.nojima.co.jp/,,
株式会社三井住友フィナンシャルグループ,http://www.smfg.co.jp/,,
株式会社ティーガイア,http://www.t-gaia.co.jp/,,
三井住友海上あいおい生命保険株式会社,http://www.msa-life.co.jp/,,
株式会社りそな銀行,http://www.resonabank.co.jp/,,
日本酒類販売株式会社,http://www.nishuhan.co.jp/,,
住友ゴム工業株式会社,http://www.srigroup.co.jp/,,
アサヒ飲料株式会社,http://www.asahiinryo.co.jp/,,
五洋建設株式会社,http://www.penta-ocean.co.jp/,,
株式会社ニコン,https://www.nikon.co.jp/,,
コカ・コーラボトラーズジャパン株式会社,https://www.ccbji.co.jp/,,
三菱地所株式会社,http://www.mec.co.jp/,,
株式会社関電工,http://www.kandenko.co.jp/,,
日東電工株式会社,http://www.nitto.co.jp/,,
株式会社ビックカメラ,http://www.biccamera.co.jp/,,
伊藤忠テクノソリューションズ株式会社,http://www.ctc-g.co.jp/,,
野村不動産株式会社,https://www.nomura-re.co.jp/,,
キグナス石油株式会社,http://kygnus.jp/index.html,,
株式会社トライアルカンパニー,https://www.trial-net.co.jp/,,
ＡＩＧ損害保険株式会社,https://www.aig.co.jp/sonpo,,
日本軽金属株式会社,http://www.nikkeikin.co.jp/,,
鈴与ホールディングス株式会社,http://www.suzuyo.co.jp/,,
東急カード株式会社,http://www.topcard.co.jp/,,
キヤノンマーケティングジャパン株式会社,http://cweb.canon.jp/corporate/index.html,,
株式会社大創産業,https://www.daiso-sangyo.co.jp/,,
株式会社東海シジシー,http://www.tokaicgc.co.jp/,,
三菱ＨＣキャピタル株式会社,http://www.lf.mufg.jp/,,
古河電気工業株式会社,http://www.furukawa.co.jp/,,
岩谷産業株式会社,http://www.iwatani.co.jp/,,
株式会社山善,http://www.yamazen.co.jp/,,
ＮＲＩセキュアテクノロジーズ株式会社,https://www.nri-secure.co.jp/index.html,,
ファナック株式会社,http://www.fanuc.co.jp/,,
戸田建設株式会社,http://www.toda.co.jp/,,
日鉄日新製鋼株式会社,https://www.nisshin.nipponsteel.com,,
長瀬産業株式会社,http://www.nagase.co.jp/,,
ヴィアトリス製薬株式会社,http://www.pfizer.co.jp/pfizer/index.html,,
株式会社キーエンス,https://www.keyence.co.jp/,,
株式会社きんでん,http://www.kinden.co.jp/,,
マルハニチロ株式会社,https://www.maruha-nichiro.co.jp/home.html,,
コニカミノルタ株式会社,http://konicaminolta.jp/,,
アストモスエネルギー株式会社,http://www.astomos.jp/,,
株式会社オリエンタルランド,http://www.olc.co.jp/,,
東京センチュリー株式会社,http://www.ctl.co.jp/,,
株式会社一条工務店,http://ichijo.jp/,,
株式会社ヨークベニマル,https://yorkbenimaru.com/,,
興和株式会社,http://www.kowa.co.jp/,,
ＳＢ　Ｃ＆Ｓ株式会社,https://cas.softbank.jp/,,
日揮ホールディングス株式会社,http://www.jgc.com/jp/index.html,,
Ｚホールディングス株式会社,https://www.z-holdings.co.jp/,,
株式会社レオパレス２１,https://www.leopalace21.co.jp/,,
キグナス石油販売株式会社,http://www.kygnus.co.jp/,,
株式会社フジタ,http://www.fujita.co.jp/,,
森永乳業株式会社,http://www.morinagamilk.co.jp/,,
ＣＴＣシステムマネジメント株式会社,http://www.ctcs.co.jp,,
ＹＫＫ　ＡＰ株式会社,http://www.ykkap.co.jp/,,
三和ホールディングス株式会社,http://www.sanwa-hldgs.co.jp/,,
愛知トヨタ自動車株式会社,https://www.aichi-toyota.jp/,,
株式会社カインズ,http://www.cainz.co.jp/,,
株式会社サイバーエージェント,http://www.cyberagent.co.jp/,,
株式会社フォレストホールディングス,http://www.f-hd.jp/,,
日通商事株式会社,http://www.nittsushoji.co.jp/,,
メルセデス・ベンツ日本株式会社,http://www.mercedes-benz.co.jp/,,
大王製紙株式会社,http://www.daio-paper.co.jp/index.html,,
株式会社良品計画,https://ryohin-keikaku.jp/,,
ベンダーサービス株式会社,http://www.vsk.co.jp/,,
兼松株式会社,http://www.kanematsu.co.jp/,,
山九株式会社,http://www.sankyu.co.jp,,
株式会社しんきんカード,http://www.shinkincard.co.jp/,,
ＴＯＴＯ株式会社,http://www.toto.co.jp/,,
株式会社日立システムズ,http://www.hitachi-systems.com/,,
ユアサ商事株式会社,http://www.yuasa.co.jp/,,
ブラザー工業株式会社,http://www.brother.co.jp/,,
東京地下鉄株式会社,http://www.tokyometro.jp/index.html,,
上新電機株式会社,http://www.joshin.co.jp/,,
豊田合成株式会社,http://www.toyoda-gosei.co.jp/,,
株式会社サンドラッグ,http://www.sundrug.co.jp/,,
株式会社トーハン,http://www.tohan.jp/,,
サントリー食品インターナショナル株式会社,https://www.suntory.co.jp/softdrink/company/,,
東洋水産株式会社,http://www.maruchan.co.jp/,,
日本水産株式会社,http://www.nissui.co.jp/,,
朝日生命保険相互会社,http://www.asahi-life.co.jp/index.html,,
田辺三菱製薬株式会社,http://www.mt-pharma.co.jp/,,
アルプスアルパイン株式会社,https://www.alpsalpine.com/j/,,
セコム株式会社,http://www.secom.co.jp/,,
株式会社マツモトキヨシホールディングス,http://www.matsumotokiyoshi-hd.co.jp/,,
オーケー株式会社,http://www.ok-corporation.co.jp/,,
株式会社野村総合研究所,http://www.nri.com/jp/,,
株式会社オープンハウス,http://openhouse-group.com/,,
ヤマエ久野株式会社,http://www.yamaehisano.co.jp/,,
日本精工株式会社,https://www.nsk.com/jp/index.html,,
株式会社東日本宇佐美,https://usami-net.com/content/company/organization/,,
前田建設工業株式会社,http://www.maeda.co.jp/,,
首都高速道路株式会社,http://www.shutoko.co.jp/,,
株式会社ソニー・ミュージックエンタテインメント,http://www.sme.co.jp/,,
日本サムスン株式会社,http://japan.samsung.com/,,
芙蓉総合リース株式会社,http://www.fgl.co.jp/,,
株式会社マツモトキヨシ,http://www.matsukiyo.co.jp,,
株式会社ココカラファインヘルスケア,http://corp.cocokarafine.co.jp/healthcare_profile.html,,
三菱商事ＲｔＭジャパン株式会社,http://www.mitsubishicorprtm.com,,
株式会社アステム,http://www.astemf.jp/,,
株式会社伊藤園,https://www.itoen.co.jp/,,
オリンパス株式会社,http://www.olympus.co.jp/,,
株式会社オープンハウス・ディベロップメント,https://ohd.openhouse-group.com/,,
エーザイ株式会社,http://www.eisai.co.jp/,,
株式会社ＳＥＲＩＯホールディングス,https://www.serio-corp.com/,,
三菱瓦斯化学株式会社,http://www.mgc.co.jp/,,
株式会社マルエツ,http://www.maruetsu.co.jp/,,
株式会社平和堂,http://www.heiwado.jp/,,
大同特殊鋼株式会社,https://www.daido.co.jp/index.html,,
ソニーグループ株式会社,http://www.sony.co.jp/,,
今治造船株式会社,http://www.imazo.co.jp/,,
株式会社フジクラ,http://www.fujikura.co.jp/,,
ＳＭＣ株式会社,http://www.smcworld.com/,,
株式会社アドヴィックス,http://www.advics.co.jp/,,
パイオニア株式会社,http://pioneer.jp/?ref=header,,
東邦瓦斯株式会社,http://www.tohogas.co.jp/,,
株式会社ヤオコー,http://www.yaoko-net.com/,,
株式会社小糸製作所,http://www.koito.co.jp/,,
株式会社富士薬品,http://www.fujiyakuhin.co.jp/,,
国分首都圏株式会社,http://www.kokubu.co.jp/shutoken/,,
株式会社ヤナセ,http://www.yanase.co.jp/,,
ＪＦＥエンジニアリング株式会社,http://www.jfe-eng.co.jp/index.html,,
積水化学工業株式会社,http://www.sekisui.co.jp/,,
ユニ・チャーム株式会社,http://www.unicharm.co.jp/,,
パナソニックホームズ株式会社,http://www.panahome.jp/,,
雪印メグミルク株式会社,http://www.meg-snow.com/,,
株式会社ＥＮＥＯＳフロンティア,http://www.eneos-frontier.co.jp/,,
株式会社万代グループホールディングス,http://www.mandai-net.co.jp/,,
資生堂ジャパン株式会社,https://corp.shiseido.com/jp/company/office/,,
株式会社ツルハ,http://www.tsuruha.co.jp/,,
丸善石油化学株式会社,http://www.chemiway.co.jp/,,
三谷商事株式会社,http://www.mitani-corp.co.jp/,,
株式会社ＡＤＫホールディングス,https://www.adk.jp/,,
株式会社九電工,http://www.kyudenko.co.jp/,,
三井住友建設株式会社,http://www.smcon.co.jp/,,
ＭＳＤ株式会社,http://www.msd.co.jp/,,
ＮＴＮ株式会社,http://www.ntn.co.jp/,,
株式会社阪急阪神百貨店,https://www.hankyu-hanshin-dept.co.jp/,,
ＪＡ三井リース株式会社,https://www.jamitsuilease.co.jp/,,
ＮＥＣプラットフォームズ株式会社,https://www.necplatforms.co.jp,,
ローム株式会社,http://www.rohm.co.jp/web/japan/,,
アスクル株式会社,http://www.askul.co.jp/,,
東京エレクトロン宮城株式会社,https://www.tel.co.jp/about/locations/tml.html,,
コスモ石油販売株式会社,http://www.cosmo-sales.com/,,
株式会社西日本宇佐美,https://usami-net.com/content/company/organization/,,
昭和電工マテリアルズ株式会社,https://www.mc.showadenko.com/japanese/index.html,,
西松建設株式会社,http://www.nishimatsu.co.jp/,,
三菱電機ビルテクノサービス株式会社,http://www.meltec.co.jp/,,
オリックス生命保険株式会社,http://www.orixlife.co.jp/,,
株式会社コメリ,https://www.komeri.bit.or.jp/index.html,,
株式会社安藤・間,http://www.ad-hzm.co.jp/,,
株式会社スクウェア・エニックス・ホールディングス,http://www.square-enix.com/jpn/,,
大和証券株式会社,http://www.daiwa.jp/,,
株式会社みずほフィナンシャルグループ,http://www.mizuho-fg.co.jp/,,
横浜ゴム株式会社,http://www.y-yokohama.com/,,
太平洋セメント株式会社,http://www.taiheiyo-cement.co.jp/index.html,,
株式会社ＥＮＥＯＳウイング,https://www.eneos-wing.co.jp/,,
三井不動産レジデンシャル株式会社,http://www.mfr.co.jp/,,
塩野義製薬株式会社,http://www.shionogi.co.jp/,,
コーナン商事株式会社,http://www.hc-kohnan.com/,,
株式会社マキタ,http://www.makita.co.jp/,,
ＮＥＸＵＳ株式会社,http://www.nexus-group.jp/,,
野村ホールディングス株式会社,http://www.nomura.com/jp/,,
オムロン株式会社,http://www.omron.co.jp/,,
エム・シー・ヘルスケア株式会社,http://mc-healthcare.co.jp/,,
ボッシュ株式会社,https://corporate.bosch.co.jp/,,
株式会社スタッフサービス・ホールディングス,http://www.staffservice.co.jp,,
株式会社ＳＣＲＥＥＮホールディングス,http://www.screen.co.jp/,,
日本紙パルプ商事株式会社,http://www.kamipa.co.jp/,,
レンゴー株式会社,http://www.rengo.co.jp/,,
タイムズコミュニケーション株式会社,http://www.timescom.co.jp/,,
株式会社有沢製作所,http://www.arisawa.co.jp/,,
三井物産プラスチック株式会社,http://www.mitsui-plastics.com/,,
国際紙パルプ商事株式会社,http://www.kppc.co.jp/,,
日本特殊陶業株式会社,http://www.ngkntk.co.jp/,,
日本発條株式会社,http://www.nhkspg.co.jp/,,
宇部興産株式会社,http://www.ube.co.jp/,,
日亜化学工業株式会社,http://www.nichia.co.jp/jp/about_nichia/index.html,,
株式会社ガイア,http://www.gaia-jp.com/,,
トランス・コスモス株式会社,http://www.trans-cosmos.co.jp/,,
蝶理ＭＯＤＡ株式会社,http://www.chori.co.jp,,
ニプロ株式会社,http://www.nipro.co.jp/,,
カメイ株式会社,http://www.kamei.co.jp/,,
東急建設株式会社,http://www.tokyu-cnst.co.jp/,,
株式会社ジェーシービー,http://www.jcb.co.jp/,,
ＴＤＫ株式会社,http://www.tdk.co.jp/corp/ja/index.htm,,
株式会社熊谷組,http://www.kumagaigumi.co.jp/,,
テルモ株式会社,http://www.terumo.co.jp,,
サンデン・エンバイロメントプロダクツ株式会社,https://www.sanden.co.jp/company/domestic.html#sanden_enbpro,,
丸紅エネルギー株式会社,http://www.marubeni-energy.co.jp/,,
株式会社コンコルディア・フィナンシャルグループ,https://www.concordia-fg.jp/index.html,,
稲畑産業株式会社,http://www.inabata.co.jp/,,
株式会社ロッテ,http://www.lotte.co.jp/corporate/,,
株式会社カネカ,http://www.kaneka.co.jp/,,
リコーリース株式会社,http://www.r-lease.co.jp/,,
株式会社阪急交通社,https://www.hankyu-travel.com/,,
伊藤忠建材株式会社,http://www.ick.co.jp/,,
東京海上ホールディングス株式会社,http://www.tokiomarinehd.com/,,
パナソニックシステムソリューションズジャパン株式会社,https://www.panasonic.com/jp/company/pssj.html,,
三菱ＵＦＪニコス株式会社,http://www.cr.mufg.jp/,,
パーク二四株式会社,https://www.park24.co.jp/,,
三菱電機トレーディング株式会社,http://www.melco-trading.net/,,
セントラルフォレストグループ株式会社,https://www.centralforestgroup.co.jp/,,
プリマハム株式会社,http://www.primaham.co.jp/,,
ジャパンフード株式会社,http://www.japanfoodcorp.co.jp/,,
ＥＮＥＯＳグローブ株式会社,http://www.eneos-globe.co.jp/,,
国分西日本株式会社,https://www.kokubu.co.jp/nishinihon/,,
ＮＥＣソリューションイノベータ株式会社,http://www.nec-solutioninnovators.co.jp/,,
不二製油株式会社,http://www.fujioil.co.jp/index.html,,
ＳＭＢ建材株式会社,http://www.smb-kenzai.com,,
バイエルホールディング株式会社,https://www.bayer.jp/,,
株式会社フジ,http://www.the-fuji.com/,,
株式会社延田エンタープライズ,http://www.nobuta123.co.jp/,,
小野薬品工業株式会社,http://www.ono.co.jp/,,
株式会社ネクスティエレクトロニクス,http://www.nexty-ele.com/,,
ジャパンマリンユナイテッド株式会社,http://www.jmuc.co.jp,,
ヤンマーパワーテクノロジー株式会社,https://www.yanmar.com/jp/,,
Ｐ＆Ｇジャパン合同会社,http://jp.pg.com/,,
東急株式会社,http://www.tokyu.co.jp/index.html,,
株式会社アーネストワン,http://www.arnest1.co.jp/,,
株式会社クリエイトエス・ディー,http://www.create-sd.co.jp,,
ＳＣＳＫ株式会社,http://www.scs.co.jp/,,
株式会社ベイシア,https://www.beisia.co.jp/,,
ハウス食品グループ本社株式会社,https://housefoods-group.com/,,
三愛石油株式会社,http://www.san-ai-oil.co.jp/,,
ライオン株式会社,http://www.lion.co.jp/,,
スリーエムジャパンイノベーション株式会社,https://www.3mcompany.jp/3M/ja_JP/company-jp/about-3m/group/,,
ジャパン建材株式会社,http://www.jkenzai.co.jp/,,
コマツカスタマーサポート株式会社,https://home.komatsu/jp/kcsj/,,
東急不動産株式会社,https://www.tokyu-land.co.jp/,,
渡辺パイプ株式会社,http://www.sedia-system.co.jp,,
株式会社協和エクシオ,http://www.exeo.co.jp/,,
アイシン高丘株式会社,http://www.at-takaoka.co.jp,,
三菱電機住環境システムズ株式会社,https://www.mitsubishielectric.co.jp/group/le/index.html,,
株式会社大木,http://www.ohki-net.co.jp/ohki-group/ohki.html,,
日本郵政株式会社,https://www.japanpost.jp/,,
西部石油株式会社,https://www.seibuoil.co.jp/index.html,,
サミット株式会社,http://www.summitstore.co.jp/,,
株式会社日立ビルシステム,http://www.hbs.co.jp/,,
株式会社バイタルネット,http://www.vitalnet.co.jp/,,
株式会社カスミ,http://www.kasumi.co.jp/,,
株式会社資生堂,https://www.shiseidogroup.jp/,,
三菱ＵＦＪモルガン・スタンレー証券株式会社,http://www.sc.mufg.jp/index.html,,