役職一覧,,,役職一覧
,代表取締役社長,,
代表取締役会長,専務取締役,,代表取締役社長
代表取締役副会長,取締役,,専務取締役
代表取締役社長,取締役(監査等委員),,取締役
代表執行役社長,取締役(監査等委員),,取締役(監査等委員)
代表執行役専務,代表取締役社長,,代表取締役副社長社長補佐、情報通信・システム担当
代表執行役,代表取締役副社長社長補佐、情報通信・システム担当,,専務取締役安全・鉄道・国際担当
,専務取締役安全・鉄道・国際担当,,常務取締役経営企画・営業・環境エネルギー担当
,常務取締役経営企画・営業・環境エネルギー担当,,常務取締役関連事業・監査・財務・人事・総務担当
,常務取締役関連事業・監査・財務・人事・総務担当,,代表取締役経営戦略本部長兼アグロ事業担当
取締役会長,代表取締役社長,,取締役グループ管理本部長
取締役社長,代表取締役経営戦略本部長兼アグロ事業担当,,取締役グループ経理本部長兼情報システム部長
取締役,取締役グループ管理本部長,,取締役医薬事業本部長兼高崎工場長
取締役頭取執行役員,取締役グループ経理本部長兼情報システム部長,,取締役最高顧問
取締役副頭取執行役員,取締役医薬事業本部長兼高崎工場長,,代表取締役社長社長執行役員
取締役専務執行役員,取締役最高顧問,,専務取締役専務執行役員(直販担当兼営業企画担当)
取締役常務執行役員,代表取締役社長社長執行役員,,取締役会長(代表取締役)
,専務取締役専務執行役員(直販担当兼営業企画担当),,取締役副会長
,取締役,,取締役社長(代表取締役)
執行専務,取締役,,取締役(代表取締役)エネルギー事業統括本部長
執行役常務,取締役会長(代表取締役),,取締役営業本部長
執行役員,取締役副会長,,代表取締役専務執行役員生産・技術部門管掌エンジニアリング本部担当インドネシアプロジェクト担当DX推進チーム担当イオネル建設チーム担当
,取締役社長(代表取締役),,取締役常務執行役員経営企画本部長
常務執行役員,取締役(代表取締役)エネルギー事業統括本部長,,取締役常務執行役員事務部門管掌総務人事本部長IT統括部担当ERP推進プロジェクト担当
,取締役営業本部長,,取締役常務執行役員事業部門管掌事業企画開発部担当
常任監査役,代表取締役社長,,取締役店舗開発部長
,代表取締役専務執行役員生産・技術部門管掌エンジニアリング本部担当インドネシアプロジェクト担当DX推進チーム担当イオネル建設チーム担当,,取締役管理部管掌
監査役,取締役常務執行役員経営企画本部長,,代表取締役最高経営責任者(CEO)
上席執行役員,取締役常務執行役員事務部門管掌総務人事本部長IT統括部担当ERP推進プロジェクト担当,,代表取締役住環境カンパニー社長
,取締役常務執行役員事業部門管掌事業企画開発部担当,,取締役鉄道カンパニー社長
,代表取締役社長,,取締役東洋自動機㈱代表取締役社長
,取締役店舗開発部長,,取締役企画、経理、情報システム、業務改革推進、コーポレート・コミュニケーション管掌
,取締役管理部管掌,,取締役社長社長執行役員(代表取締役)
社長,取締役,,取締役副社長副社長執行役員(代表取締役)
社長執行役員,取締役,,取締役常務執行役員
,代表取締役最高経営責任者(CEO),,取締役指名委員報酬委員
,代表取締役住環境カンパニー社長,,取締役(注)1監査委員
,取締役鉄道カンパニー社長,,取締役(注)1指名委員報酬委員
副社長,取締役東洋自動機㈱代表取締役社長,,代表取締役社長CEО
副社長執行役員,取締役企画、経理、情報システム、業務改革推進、コーポレート・コミュニケーション管掌,,代表取締役副社長執行役員CFО兼主計、営業経理、財務、IR、フィナンシャルソリューション、コントローラー室管掌
,取締役会長(代表取締役),,代表取締役副社長執行役員社長補佐、自動車、航空産業・交通プロジェクト、インフラ・ヘルスケア、金属・資源・リサイクル管掌兼東アジア担当
,取締役社長社長執行役員(代表取締役),,取締役専務執行役員化学、生活産業・アグリビジネス、リテール・コンシューマーサービス管掌
,取締役副社長副社長執行役員(代表取締役),,代表取締役社長執行役員会計事務所事業部長
社外取締役,取締役副社長副社長執行役員(代表取締役),,代表取締役専務執行役員地方公共団体事業部長
,取締役常務執行役員,,取締役専務執行役員
,取締役指名委員報酬委員,,取締役常務執行役員会計事務所事業部システム開発研究所長
,取締役,,取締役執行役員経営管理本部長
,取締役(注)1監査委員,,代表取締役社長人づくり革新担当
,取締役(注)1指名委員報酬委員,,取締役副社長執行役員FAシステム本部長兼情報システム部担当兼輸出管理室担当兼北一大隈(北京)机床有限公司担当兼製造本部管掌
,取締役(注)1監査委員,,取締役専務執行役員管理本部長兼内部監査室担当兼EL業務室担当
,代表取締役社長CEО,,取締役常務執行役員欧米営業本部長兼OkumaAmericaCorporation取締役会長兼OkumaEuropeGmbH取締役会長
,代表取締役副社長執行役員CFО兼主計、営業経理、財務、IR、フィナンシャルソリューション、コントローラー室管掌,,取締役常務執行役員日本・アジア営業本部長兼サービス本部担当
,代表取締役副社長執行役員社長補佐、自動車、航空産業・交通プロジェクト、インフラ・ヘルスケア、金属・資源・リサイクル管掌兼東アジア担当,,代表取締役取締役頭取
,取締役専務執行役員化学、生活産業・アグリビジネス、リテール・コンシューマーサービス管掌,,代表取締役取締役専務執行役員秘書室長
,取締役,,取締役常務執行役員資金運用本部長
,代表取締役社長執行役員会計事務所事業部長,,取締役常務執行役員営業本部長
,代表取締役専務執行役員地方公共団体事業部長,,取締役会長兼社長(代表取締役)
,取締役専務執行役員,,専務取締役上席執行役員営業本部長
,取締役常務執行役員会計事務所事業部システム開発研究所長,,常務取締役
,取締役執行役員経営管理本部長,,常務取締役上席執行役員営業本部副本部長
,代表取締役社長人づくり革新担当,,代表取締役会長(兼)執行役員
,取締役副社長執行役員FAシステム本部長兼情報システム部担当兼輸出管理室担当兼北一大隈(北京)机床有限公司担当兼製造本部管掌,,代表取締役社長(兼)執行役員(兼)海外事業部長
,取締役専務執行役員管理本部長兼内部監査室担当兼EL業務室担当,,専務取締役(兼)執行役員営業本部長
,取締役常務執行役員欧米営業本部長兼OkumaAmericaCorporation取締役会長兼OkumaEuropeGmbH取締役会長,,常務取締役(兼)執行役員中国大陸事業部長
,取締役常務執行役員日本・アジア営業本部長兼サービス本部担当,,取締役(兼)執行役員情報システム部流通推進部管掌
,代表取締役取締役頭取,,取締役頭取頭取執行役員(代表取締役)(監査部担当)
,代表取締役取締役専務執行役員秘書室長,,取締役常務執行役員管理本部長(事務システム本部担当)
,取締役常務執行役員,,取締役常務執行役員経営企画本部長兼東京本部長
,取締役常務執行役員資金運用本部長,,取締役上席執行役員営業推進本部長
,取締役常務執行役員営業本部長,,取締役会長兼頭取(代表取締役)
,取締役会長兼社長(代表取締役),,取締役副頭取(代表取締役)
,専務取締役上席執行役員営業本部長,,取締役常務執行役員営業支援本部長
,常務取締役,,代表取締役社長執行役員
,常務取締役,,代表取締役専務執行役員
,常務取締役上席執行役員営業本部副本部長,,取締役(監査等委員長)
,代表取締役会長(兼)執行役員,,取締役会長代表取締役
,代表取締役社長(兼)執行役員(兼)海外事業部長,,取締役社長代表取締役
,専務取締役(兼)執行役員営業本部長,,常務取締役(兼常務執行役員)
,常務取締役(兼)執行役員中国大陸事業部長,,取締役(兼執行役員)
,取締役(兼)執行役員情報システム部流通推進部管掌,,代表取締役社長最高経営責任者チーフオフィサーグループ企画財務
,取締役会長(代表取締役),,取締役管掌グループ組織戦略、グループ人事、グループ総務、グループIT、チーフオフィサーグループ法務・コンプライアンス、専務執行役員業務管理担当
,取締役頭取頭取執行役員(代表取締役)(監査部担当),,代表取締役副社長
,取締役常務執行役員管理本部長(事務システム本部担当),,取締役副社長執行役員商品本部管掌
,取締役常務執行役員経営企画本部長兼東京本部長,,取締役常務執行役員企画・開発本部長兼企画部長
,取締役上席執行役員営業推進本部長,,取締役常務執行役員管理本部長
,取締役会長兼頭取(代表取締役),,取締役専務執行役員総務部長
,取締役副頭取(代表取締役),,取締役常務執行役員経営戦略部長
,取締役常務執行役員営業支援本部長,,代表取締役会長
,取締役常務執行役員,,取締役兼専務執行役員プロダクツ本部長
,取締役常務執行役員,,取締役兼専務執行役員企画管理本部長
,代表取締役社長執行役員,,取締役兼常務執行役員マーケティング本部長
,代表取締役専務執行役員,,取締役会長
,代表取締役専務執行役員,,代表取締役社長(執行役員社長)
,取締役常務執行役員,,代表取締役副社長(執行役員副社長)安全担当
,取締役(監査等委員長),,取締役(常務執行役員)経営企画担当、CSR・環境担当、情報システム担当
,取締役会長代表取締役,,取締役(常務執行役員)管理本部長、社長室長
,取締役社長代表取締役,,専務取締役執行役員経営戦略本部長海外事業部長王将大学学長
,常務取締役(兼常務執行役員),,専務取締役執行役員営業本部長西日本第3営業部長東日本第1営業部長営業サポート部長店舗開発部長東京事務所長
,常務取締役(兼常務執行役員),,常務取締役執行役員製造本部長製造部長工場管理部長購買部長
,取締役(兼執行役員),,取締役社長補佐経営デジタル推進準備室長
,代表取締役社長最高経営責任者チーフオフィサーグループ企画財務,,代表取締役会長兼CEO
,取締役管掌グループ組織戦略、グループ人事、グループ総務、グループIT、チーフオフィサーグループ法務・コンプライアンス、専務執行役員業務管理担当,,代表取締役社長兼COO
,取締役,,取締役専務執行役員営業統括本部長兼商品本部長兼海外事業本部長
,取締役,,取締役専務執行役員管理担当
,取締役,,取締役常務執行役員経営企画室長
,代表取締役社長,,代表取締役取締役社長
,代表取締役副社長,,代表取締役専務取締役管理部門管掌コンプライアンス担当
,取締役,,常務取締役本社技師長技術部門管掌全社品質・安全衛生環境担当開発本部担当
,取締役,,取締役企画本部長
,取締役,,取締役執行役員医療部門長、メディカル事業本部長
,代表取締役社長執行役員,,取締役執行役員航空部門長、航空宇宙事業本部長
,取締役副社長執行役員商品本部管掌,,取締役執行役員工業部門長、インダストリアル事業本部長
,取締役常務執行役員営業本部長,,取締役執行役員コーポレート部門長、業務本部長、企画本部長
,取締役常務執行役員企画・開発本部長兼企画部長,,常務取締役常務執行役員経営戦略担当
,取締役常務執行役員管理本部長,,取締役上席執行役員公共事業、国際事業担当
,代表取締役社長社長執行役員,,取締役上席執行役員システム事業担当
,取締役専務執行役員,,取締役副社長DMGMORIAG管掌
,取締役専務執行役員総務部長,,代表取締役副社長管理・製造管掌
,取締役常務執行役員,,代表取締役副社長経理財務管掌
,取締役常務執行役員経営戦略部長,,専務取締役研究開発管掌
,代表取締役会長,,代表取締役会長[東京営業本部本部長]
,代表取締役社長,,代表取締役社長[大阪営業本部本部長]
,取締役兼専務執行役員プロダクツ本部長,,取締役副社長
,取締役兼専務執行役員企画管理本部長,,専務取締役[岡山主管支店長]
,取締役兼常務執行役員マーケティング本部長,,専務取締役[大阪主管支店長]
,取締役会長,,取締役兼常務執行役員経営企画本部長兼(株)クレオ取締役
,代表取締役社長(執行役員社長),,取締役兼常務執行役員管理総括兼管理本部長
,代表取締役副社長(執行役員副社長)安全担当,,取締役兼執行役員営業総括兼(株)クレオ取締役
,取締役(常務執行役員)経営企画担当、CSR・環境担当、情報システム担当,,代表取締役社長執行役員経営戦略本部長
,取締役(常務執行役員)管理本部長、社長室長,,代表取締役副社長執行役員管理管掌兼DX推進室長
,代表取締役社長,,取締役副社長執行役員営業本部長
,専務取締役執行役員経営戦略本部長海外事業部長王将大学学長,,取締役常務執行役員事業開発本部長兼開発戦略部長
,専務取締役執行役員営業本部長西日本第3営業部長東日本第1営業部長営業サポート部長店舗開発部長東京事務所長,,代表取締役副会長コンプライアンス統括部、監査部担当
,常務取締役執行役員製造本部長製造部長工場管理部長購買部長,,代表取締役社長兼社長執行役員
,取締役社長補佐経営デジタル推進準備室長,,専務取締役兼専務執行役員審査本部長総務部、審査第一部、審査第二部、審査コンプライアンス推進室担当
,取締役会長兼社長(代表取締役),,専務取締役兼専務執行役員システム本部長経営企画部、システム開発部、システム運用部、システム企画室、システム管理室担当
,取締役,,専務取締役東京支店長兼海外事業担当(建機部門)
,取締役,,常務取締役レントオール事業部長兼海外事業担当(レントオール部門)
,取締役,,取締役特装機工部管掌兼安全品質管理担当
,取締役,,取締役中部支店長
,代表取締役会長兼CEO,,代表取締役会長CEO
,代表取締役社長兼COO,,代表取締役社長COO社長執行役員経営企画本部管掌兼研究開発本部管掌
,取締役専務執行役員営業統括本部長兼商品本部長兼海外事業本部長,,取締役CFO専務執行役員リスク統括室管掌兼不動産事業開発部管掌
,取締役専務執行役員管理担当,,取締役常務執行役員事業統括本部長兼品質・環境・安全担当兼技術担当兼関係会社担当兼営業本部管掌
,取締役常務執行役員経営企画室長,,取締役CDXO常務執行役員コンプライアンス担当兼コーポレート本部管掌兼DX推進本部管掌
,代表取締役取締役社長,,代表取締役
,代表取締役専務取締役管理部門管掌コンプライアンス担当,,専務取締役(代表取締役)営業本部・技術本部担当、原価管理室長
,常務取締役本社技師長技術部門管掌全社品質・安全衛生環境担当開発本部担当,,専務取締役(代表取締役)人事労務部・経理部・働き方改革担当
,取締役企画本部長,,常務取締役企画部・総務部・ITシステム推進室担当
,取締役,,常務取締役技術本部長
,代表取締役社長,,常務取締役管理本部長兼コンプライアンス担当兼いなげやグループライフサービスセンター長
,取締役執行役員医療部門長、メディカル事業本部長,,取締役商品戦略統轄
,取締役執行役員航空部門長、航空宇宙事業本部長,,取締役営業戦略本部長
,取締役執行役員工業部門長、インダストリアル事業本部長,,取締役グループ経営戦略本部長兼IR担当兼品質管理室担当
,取締役執行役員コーポレート部門長、業務本部長、企画本部長,,取締役専務執行役員(企画本部長)
,取締役会長,,取締役常務執行役員(生産本部長)
,代表取締役社長社長執行役員,,取締役常務執行役員(管理本部長)
,常務取締役常務執行役員経営戦略担当,,常務取締役常務執行役員ビーム・プラズマ事業本部長
,取締役上席執行役員公共事業、国際事業担当,,常務取締役常務執行役員電力・環境システム事業本部長
,取締役上席執行役員システム事業担当,,取締役(社外取締役非常勤・独立役員)(注)1
,代表取締役社長,,取締役頭取代表取締役
,取締役副社長DMGMORIAG管掌,,専務取締役代表取締役
,代表取締役副社長管理・製造管掌,,常務取締役管理本部長兼経営企画部長兼関連事業室長兼リスク統括
,代表取締役副社長経理財務管掌,,取締役営業本部長兼法人営業推進室長
,専務取締役研究開発管掌,,取締役営業戦略本部長兼MD開発部長
,代表取締役会長[東京営業本部本部長],,取締役人事・総務本部長兼不動産事業部長
,代表取締役社長[大阪営業本部本部長],,代表取締役兼執行役員社長(CEO)
,取締役副社長,,取締役兼経営執行役員CPO(ChiefProductionOfficer)
,専務取締役[岡山主管支店長],,取締役常務執行役員土木本部長
,専務取締役[大阪主管支店長],,代表取締役常務執行役員管理本部長
,取締役会長代表取締役,,取締役常務執行役員西日本支社長
,取締役社長代表取締役,,取締役頭取(代表取締役)
,取締役兼常務執行役員経営企画本部長兼(株)クレオ取締役,,取締役副頭取兼CCO(代表取締役)
,取締役兼常務執行役員管理総括兼管理本部長,,取締役専務執行役員(代表取締役)
,取締役兼執行役員営業総括兼(株)クレオ取締役,,常務取締役技術開発統括部長
,取締役会長,,常務取締役MFGソリューション事業部長
,代表取締役社長執行役員経営戦略本部長,,常務取締役電子部品事業部長
,代表取締役副社長執行役員管理管掌兼DX推進室長,,取締役経営企画室長
,取締役副社長執行役員営業本部長,,代表取締役社長(執行役員)営業統括本部長
,取締役常務執行役員事業開発本部長兼開発戦略部長,,取締役(執行役員)業務部長兼特販部長
,代表取締役会長,,取締役(執行役員)レンタル事業部長兼レンタル事業部北海道地区統括部長兼鉄鋼事業部管掌
,代表取締役副会長コンプライアンス統括部、監査部担当,,取締役(執行役員)人事部長兼事業開発室長
,代表取締役社長兼社長執行役員,,専務取締役コンプライアンス室長兼財務経理部・業務サポート部管掌兼法務担当
,専務取締役兼専務執行役員審査本部長総務部、審査第一部、審査第二部、審査コンプライアンス推進室担当,,専務取締役ロジスティクス統括部長兼グロサリー商品開発MD
,専務取締役兼専務執行役員システム本部長経営企画部、システム開発部、システム運用部、システム企画室、システム管理室担当,,常務取締役販売運営部長兼チェッカー部長
,代表取締役社長,,取締役専務執行役員建築設備事業本部長
,専務取締役東京支店長兼海外事業担当(建機部門),,取締役専務執行役員CSR推進本部長
,常務取締役レントオール事業部長兼海外事業担当(レントオール部門),,取締役常務執行役員プラント設備事業本部長
,取締役特装機工部管掌兼安全品質管理担当,,専務取締役執行役員営業統括
,取締役中部支店長,,専務取締役執行役員管理担当兼総合企画室長
,代表取締役会長,,常務取締役執行役員宮城支店長
,代表取締役社長,,代表取締役社長グループCEO
,取締役,,取締役京都支店長
,取締役,,取締役会長Chairman・CEO(代表取締役)
,取締役,,取締役社長COO(代表取締役)
,代表取締役会長CEO,,取締役常務執行役員生産統括本部長
,代表取締役社長COO社長執行役員経営企画本部管掌兼研究開発本部管掌,,取締役常務執行役員事業統括本部長
,取締役CFO専務執行役員リスク統括室管掌兼不動産事業開発部管掌,,代表取締役社長執行役員社長
,取締役常務執行役員事業統括本部長兼品質・環境・安全担当兼技術担当兼関係会社担当兼営業本部管掌,,取締役専務執行役員設計、施工、新事業、商品開発担当
,取締役CDXO常務執行役員コンプライアンス担当兼コーポレート本部管掌兼DX推進本部管掌,,取締役常務執行役員営業担当
,代表取締役社長,,取締役常務執行役員東日本事業本部長
,代表取締役,,代表取締役会長兼CEO経営全般、最高経営責任者
,代表取締役,,代表取締役社長兼COO経営全般、最高執行責任者
,取締役,,取締役兼専務執行役員営業・業務統括センター担当
,取締役,,"取締役兼専務執行役員統括開発技術・知的財産戦略本部・技術統括センター・アプリケーション統括室・開発・基盤技術センター・EX,MS事業ユニット・3D積層造形事業化プロジェクト担当"
,取締役社長(代表取締役),,取締役兼常務執行役員総務担当、業務監理室長
,専務取締役(代表取締役)営業本部・技術本部担当、原価管理室長,,取締役取締役会議長指名委員会委員監査委員会委員報酬委員会委員
,専務取締役(代表取締役)人事労務部・経理部・働き方改革担当,,取締役報酬委員会委員長指名委員会委員監査委員会委員
,常務取締役企画部・総務部・ITシステム推進室担当,,取締役指名委員会委員長監査委員会委員報酬委員会委員
,常務取締役技術本部長,,取締役監査委員会委員長指名委員会委員報酬委員会委員
,代表取締役社長,,代表取締役社長チーフ・エグゼクティブ・オフィサー(CEO)
,常務取締役管理本部長兼コンプライアンス担当兼いなげやグループライフサービスセンター長,,代表取締役社長兼営業本部長
,取締役商品戦略統轄,,常務取締役執行役員管理本部長兼IR室長
,取締役営業戦略本部長,,取締役執行役員食品事業部長兼品質管理室長
,取締役グループ経営戦略本部長兼IR担当兼品質管理室担当,,取締役執行役員人事総務本部長兼開発本部長
,代表取締役会長,,取締役専務執行役員農業化学品事業部長
,代表取締役社長,,取締役常務執行役員企画本部長
,取締役専務執行役員(企画本部長),,代表取締役会長(開発本部、グローバル事業推進本部の管掌)
,取締役常務執行役員(生産本部長),,代表取締役社長(調達本部の管掌)
,取締役常務執行役員(管理本部長),,取締役(電機システム本部長、営業業務統括部、支社・支店・営業所の担当)
,代表取締役会長,,取締役(財務部長兼同部内部統制推進室長、IT企画部、監査部及び全社リスク管理の担当、経営企画部、総務人事部、法務部、全社コンプライアンス及びWAY推進プロジェクトの管掌)
,代表取締役社長,,取締役(電子精機本部長兼同本部モーションコントロール機器及びプリンタシステム事業の担当)
,常務取締役常務執行役員ビーム・プラズマ事業本部長,,専務取締役総合管理センター所長兼法務部長
,常務取締役常務執行役員電力・環境システム事業本部長,,常務取締役材料研究所長
,取締役(社外取締役非常勤・独立役員)(注)1,,代表取締役社長内部統制部担当
,取締役会長,,代表取締役常務人事部、総務部、情報システム部担当、兼SDGs推進担当
,取締役頭取代表取締役,,常務取締役事業開発部、不動産事業部、施設部担当、兼特命担当
,専務取締役代表取締役,,常務取締役企画部担当
,常務取締役,,代表取締役社長(社長執行役員)
,常務取締役,,取締役管理本部長兼財務部長(上席執行役員)
,代表取締役社長,,取締役営業統括本部長(上席執行役員)
,常務取締役管理本部長兼経営企画部長兼関連事業室長兼リスク統括,,取締役店舗事業本部長兼店舗開発部長(上席執行役員)
,取締役営業本部長兼法人営業推進室長,,取締役会長(代表取締役)最高経営責任者(CEO)
,取締役営業戦略本部長兼MD開発部長,,取締役社長(代表取締役)最高執行責任者(COO)
,取締役人事・総務本部長兼不動産事業部長,,代表取締役社長兼CEO
,代表取締役兼執行役員社長(CEO),,取締役専務執行役員日本事業統括兼眼科事業部長
,取締役,,取締役専務執行役員工業機材事業本部長
,取締役,,代表取締役社長(社長)
,取締役,,取締役(副社長)
,取締役兼経営執行役員CPO(ChiefProductionOfficer),,取締役(常務執行役員)
,代表取締役社長,,取締役常務執行役員製造本部・生産技術本部管掌地域担当:中国
,取締役副社長執行役員営業本部長,,取締役常務執行役員事業管理本部長地域担当:アセアン/台湾
,取締役常務執行役員土木本部長,,取締役常務執行役員購買本部長車載営業本部・品質保証本部・民生ビジネス本部管掌地域担当:日本
,代表取締役常務執行役員管理本部長,,取締役相談役
,取締役常務執行役員西日本支社長,,取締役副社長社長補佐営業管掌
,取締役頭取(代表取締役),,専務取締役経営企画、財務管掌
,取締役副頭取兼CCO(代表取締役),,常務取締役技術、業務改革推進、安全、スマート化推進管掌
,取締役専務執行役員(代表取締役),,常務取締役総務、人事、リスクマネジメント管掌
,取締役常務執行役員,,常務取締役金型事業本部長
,取締役常務執行役員,,常務取締役管理本部長
,代表取締役社長,,取締役品質保証本部長
,常務取締役技術開発統括部長,,取締役経営統轄本部長
,常務取締役MFGソリューション事業部長,,代表取締役副社長安全保障輸出管理管掌、樹脂機械事業部・成形機事業部・産業機械事業部・特機本部管掌、事業開発室管掌、広島製作所・横浜製作所・名機製作所担当
,常務取締役電子部品事業部長,,取締役常務執行役員CSR・リスク管理担当、ESG推進担当、安全保障輸出管理担当、安全衛生管理・環境管理担当、人事教育部・総務部担当、秘書室長
,取締役経営企画室長,,取締役常務執行役員CISO、デジタル化推進担当、素形材・エンジニアリング事業担当、情報システム室・知的財産部担当
,代表取締役会長,,取締役常務執行役員CFO、経理部担当、経営企画室長
,代表取締役社長(執行役員)営業統括本部長,,代表取締役社長社長執行役員CEO監査部担当
,取締役(執行役員)業務部長兼特販部長,,代表取締役副社長副社長執行役員CTO経営企画部、事業企画部管掌技術開発本部、生産本部、海外事業所管
,取締役(執行役員)レンタル事業部長兼レンタル事業部北海道地区統括部長兼鉄鋼事業部管掌,,取締役常務執行役員生産本部長
,取締役(執行役員)人事部長兼事業開発室長,,取締役常務執行役員総務部、人事部、労働部所管
,取締役会長,,取締役常務執行役員CFO経営企画部、事業企画部所管経理部担当
,代表取締役社長,,(代表取締役)取締役頭取
,専務取締役コンプライアンス室長兼財務経理部・業務サポート部管掌兼法務担当,,(代表取締役)専務取締役
,専務取締役ロジスティクス統括部長兼グロサリー商品開発MD,,常務取締役事務本部長
,常務取締役販売運営部長兼チェッカー部長,,常務取締役営業本部長
,代表取締役会長,,常務取締役郡山営業部長
,代表取締役社長,,取締役専務執行役員グループコーポレート本部長
,取締役専務執行役員建築設備事業本部長,,取締役専務執行役員情報系事業統括
,取締役専務執行役員CSR推進本部長,,取締役常務執行役員生活・産業資材事業本部長
,取締役常務執行役員プラント設備事業本部長,,代表取締役副社長事業統括コーポレート企画センターセンター長(注1)
,代表取締役社長,,取締役常務執行役員バルブ・TPMS事業本部本部長
,代表取締役副社長,,取締役常務執行役員プレス・樹脂事業本部本部長
,専務取締役執行役員営業統括,,取締役(注2)
,専務取締役執行役員管理担当兼総合企画室長,,代表取締役執行役員副社長DX推進室長
,常務取締役執行役員宮城支店長,,取締役執行役員副社長
,代表取締役社長グループCEO,,取締役常務執行役員管理本部長DX推進室副室長
,取締役,,代表取締役専務執行役員社長補佐秘書室担当人事部担当購買・物流部担当内部統制推進委員長
,取締役,,取締役常務執行役員食品本部長東アジア食品事業プロジェクトチームリーダー
,取締役,,取締役常務執行役員化学品営業本部長
,取締役,,取締役執行役員財務・経理部長
,取締役頭取代表取締役,,代表取締役専務専務執行役員企画・開発本部長兼総合企画部長
,専務取締役代表取締役,,専務取締役専務執行役員営業担当兼店舗運営事業本部長
,専務取締役代表取締役,,常務取締役常務執行役員営業副担当兼商品事業本部長
,常務取締役,,常務取締役営業担当
,取締役京都支店長,,取締役CSR・経営管理担当
,取締役会長Chairman・CEO(代表取締役),,取締役経営企画担当
,取締役社長COO(代表取締役),,取締役すまいとくらしの連携本部長
,専務取締役,,取締役頭取(代表取締役)内部監査部担当
,取締役,,常務取締役(代表取締役)営業本部長・市場営業部担当
,取締役,,常務取締役業務部・内部統制部担当
,取締役会長,,常務取締役経営企画部・人材開発部事業支援部・金融投資部東京事務所担当
,代表取締役社長,,取締役執行役員東京支社支社長兼建築用品本部本部長兼営業部長
,代表取締役副社長,,取締役執行役員ダイカスト事業統括
,取締役常務執行役員生産統括本部長,,代表取締役専務執行役員内部統制コンプライアンスCSR・経理担当
,取締役常務執行役員事業統括本部長,,取締役専務執行役員安全衛生・環境品質保証担当
,取締役頭取(代表取締役),,取締役常務執行役員基幹産業事業本部長
,取締役副頭取(代表取締役),,取締役常務執行役員技術本部長
,取締役専務執行役員,,取締役常務執行役員(代表取締役)
,取締役常務執行役員,,常務取締役(代表取締役)
,取締役常務執行役員,,取締役第1技術本部長
,代表取締役会長,,取締役高松第1生産本部長兼第2技術本部長
,代表取締役社長執行役員社長,,取締役高松第2生産本部長
,取締役専務執行役員設計、施工、新事業、商品開発担当,,取締役管理本部長
,取締役常務執行役員営業担当,,取締役営業本部副本部長
,取締役常務執行役員東日本事業本部長,,取締役常務執行役員安全品質部・営業部・電設工事部・環境設備部・情報通信部担当
,代表取締役会長兼CEO経営全般、最高経営責任者,,取締役常務執行役員考査室・総務部・法務室・人事労務部・経理部・資材部担当
,代表取締役社長兼COO経営全般、最高執行責任者,,取締役常務執行役員企画部・配電部・計測器部・電力工事部・地中線部・電力保守部・担当
,取締役兼専務執行役員営業・業務統括センター担当,,常務取締役上席執行役員、社長補佐、情報・技術担当
,"取締役兼専務執行役員統括開発技術・知的財産戦略本部・技術統括センター・アプリケーション統括室・開発・基盤技術センター・EX,MS事業ユニット・3D積層造形事業化プロジェクト担当",,常務取締役上席執行役員、社長補佐、管理担当
,取締役兼常務執行役員総務担当、業務監理室長,,取締役上席執行役員、営業本部長
,取締役,,代表取締役社長社長執行役員経営戦略部長
,取締役,,取締役社長(代表取締役)CEO
,取締役,,取締役副社長(代表取締役)CTO開発本部・先行開発本部担当プロジェクトマネジメント本部長
,取締役,,取締役専務執行役員ミラー事業本部長
,取締役,,取締役専務執行役員CFO経営企画室・法務室・経理本部担当
,取締役取締役会議長指名委員会委員監査委員会委員報酬委員会委員,,代表取締役専務
,取締役報酬委員会委員長指名委員会委員監査委員会委員,,専務取締役交通政策本部・人財管理本部・交通技術研究室担当DX戦略室長
,取締役指名委員会委員長監査委員会委員報酬委員会委員,,常務取締役経営企画室・地域共創本部・バス事業本部担当広報・ブランド戦略室長
,取締役監査委員会委員長指名委員会委員報酬委員会委員,,常務取締役不動産事業本部長
,取締役,,常務取締役経営管理本部長
,代表取締役社長チーフ・エグゼクティブ・オフィサー(CEO),,代表取締役社長社長執行役員兼プリントクリエイト事業部担当
,代表取締役副社長,,取締役執行役員コーポレート本部長兼内部統制部、環境活動推進部、品質保証部担当兼リスク・コンプライアンス担当
,代表取締役副社長,,取締役執行役員海外営業本部長
,取締役,,代表取締役副社長執行役員原子力事業本部長
,取締役,,取締役副社長執行役員国際事業本部長
,取締役会長,,取締役副社長執行役員原子力事業本部副本部長
,代表取締役社長兼営業本部長,,代表取締役社長執行役員兼CEO安全保障輸出管理本部長、特定輸出申告最高責任者
,常務取締役執行役員管理本部長兼IR室長,,取締役副社長執行役員兼CMO成長期待事業担当
,取締役執行役員食品事業部長兼品質管理室長,,取締役常務執行役員兼CTO研究開発・生産・品質、環境、品質統括監理室、RD統括センター担当、エネルギー管理統括者
,取締役執行役員人事総務本部長兼開発本部長,,取締役常務執行役員兼CFO経営企画部、IT部、法務室、経理部、調達・物流担当、経営企画部長
,取締役会長(代表取締役),,代表取締役兼専務執行役員
,取締役社長(代表取締役),,取締役兼常務執行役員
,取締役副社長,,取締役兼執行役員設備・環境安全統括室長
,取締役専務執行役員農業化学品事業部長,,代表取締役副社長執行役員経理部担当兼IT企画室担当
,取締役常務執行役員企画本部長,,専務取締役執行役員営業本部長・LE営業部長
,代表取締役会長(開発本部、グローバル事業推進本部の管掌),,常務取締役執行役員製造本部長
,代表取締役社長(調達本部の管掌),,常務取締役執行役員技術本部長・研究開発センター部長・空調商品開発グループ部長
,取締役(電機システム本部長、営業業務統括部、支社・支店・営業所の担当),,取締役常務執行役員マシンツール事業本部本部長、営業部部長
,取締役(財務部長兼同部内部統制推進室長、IT企画部、監査部及び全社リスク管理の担当、経営企画部、総務人事部、法務部、全社コンプライアンス及びWAY推進プロジェクトの管掌),,取締役常務執行役員ロボットソリューション事業本部本部長
,取締役(電子精機本部長兼同本部モーションコントロール機器及びプリンタシステム事業の担当),,取締役執行役員経営管理部部長経理部部長
,代表取締役会長,,取締役四国営業・関連事業本部長
,代表取締役社長,,取締役商品担当
,専務取締役総合管理センター所長兼法務部長,,取締役管理担当兼)リスクマネジメント担当
,常務取締役材料研究所長,,代表取締役専務執行役員本社管理部門統括
,常務取締役,,取締役執行役員工場部長兼洗濯科学研究所長
,代表取締役社長内部統制部担当,,代表取締役会長CEO兼CWO
,代表取締役常務人事部、総務部、情報システム部担当、兼SDGs推進担当,,代表取締役社長COO兼CSO
,常務取締役事業開発部、不動産事業部、施設部担当、兼特命担当,,代表取締役専務執行役員CFO兼財務本部長
,常務取締役企画部担当,,取締役常務執行役員建築本部長
,取締役,,取締役執行役員管理本部長
,取締役会長(代表取締役),,取締役副会長CSR推進室・品質統制室担当
,取締役頭取(代表取締役),,代表取締役社長営業統括本部長
,取締役常務執行役員,,取締役専務執行役員人材開発室・総合ソリューション部担当
,取締役常務執行役員,,取締役常務執行役員営業統括本部副本部長・エンジニアリング本部長兼安全衛生推進室担当
,取締役,,代表取締役社長経営執行役社長CSO(ChiefSustainabilityOfficer)
,代表取締役社長(社長執行役員),,代表取締役副社長経営執行役副社長コーポレート担当
,取締役管理本部長兼財務部長(上席執行役員),,代表取締役社長再生医療システム本部長
,取締役営業統括本部長(上席執行役員),,取締役副社長メカトロ事業部担当、国際本部長
,取締役店舗事業本部長兼店舗開発部長(上席執行役員),,取締役副社長プラント営業統轄本部担当
,取締役,,取締役副社長プラント生産統轄本部担当、グループ生産・情報統轄本部長兼生産計画推進本部長兼開発本部長、再生医療システム副本部長
,取締役会長(代表取締役)最高経営責任者(CEO),,取締役専務執行役員PGA事業管掌、研究開発本部管掌、環境安全・品質保証本部長、新事業創出プロジェクト統括マネージャー
,取締役社長(代表取締役)最高執行責任者(COO),,取締役常務執行役員内部監査管掌、経理本部長、管理本部長、改革推進プロジェクト統括マネージャー
,取締役(監査等委員),,社外取締役
,取締役(監査等委員),,代表取締役社長最高経営責任者(CEO)
,取締役(監査等委員),,代表取締役専務取締役内部監査・総務・人事担当
,代表取締役会長,,常務取締役経理担当
,代表取締役社長兼CEO,,常務取締役開発担当
,取締役専務執行役員日本事業統括兼眼科事業部長,,常務取締役鉄道本部長
,取締役,,代表取締役取締役会長
,取締役,,(代表取締役)取締役会長
,代表取締役会長,,(代表取締役)取締役社長社長執行役員
,代表取締役社長執行役員,,取締役副社長副社長執行役員社長補佐
,取締役専務執行役員工業機材事業本部長,,取締役常務執行役員第1事業部、第2事業部、第3事業部、メンテナンス設計部管掌
,取締役執行役員経営管理本部長,,代表取締役取締役社長最高経営責任者最高執行責任者社長執行役員
,取締役,,取締役最高財務責任者専務執行役員
,代表取締役社長(社長),,取締役常務執行役員国内営業本部長
,取締役(副社長),,取締役上席執行役員品質統括室長
,取締役(常務執行役員),,代表取締役取締役社長社長執行役員
,取締役(常務執行役員),,取締役専務執行役員総合企画本部、業務本部及び監査部担任総務本部長
,取締役(常務執行役員),,取締役専務執行役員商業開発本部担任営業政策本部長、百貨店事業本部長及び外商統括本部長
,代表取締役社長社長執行役員,,取締役常務執行役員商業開発本部長
,取締役常務執行役員製造本部・生産技術本部管掌地域担当:中国,,取締役社長[代表取締役]
,取締役常務執行役員事業管理本部長地域担当:アセアン/台湾,,取締役常務執行役員基盤事業本部長、原料統括部門長、物流統括部門長
,取締役常務執行役員購買本部長車載営業本部・品質保証本部・民生ビジネス本部管掌地域担当:日本,,取締役執行役員管理本部長、人事統括部門長、人事部長、中国事業管理室長、㈱トウペ取締役
,取締役相談役,,社長(代表取締役)
,取締役社長(代表取締役),,取締役執行役員
,取締役副社長社長補佐営業管掌,,取締役執行役員コネクタ事業部長
,専務取締役経営企画、財務管掌,,代表取締役専務執行役員社長補佐、営業本部長、兼事業本部担当
,常務取締役技術、業務改革推進、安全、スマート化推進管掌,,取締役専務執行役員事業本部長
,常務取締役総務、人事、リスクマネジメント管掌,,取締役常務執行役員AEO統括室、経営企画部、業務管理室、経理部、関係会社管理室担当
,代表取締役社長,,取締役常務執行役員特命担当(業務高度化、旅行事業)、兼総合営業第三部、ビジネスソリューション営業部、国際営業第一部、国際営業第二部、国際営業第三部管掌
,常務取締役金型事業本部長,,代表取締役執行役員社長
,常務取締役管理本部長,,取締役営業本部本部長兼ホームセンター営業部兼物流部部長
,取締役品質保証本部長,,取締役経官管理本部本部長兼デジタル戦略本部本部長
,取締役経営統轄本部長,,取締役商品本部本部長兼物流本部本部長
,代表取締役社長,,代表取締役専務取締役総括、事業戦略部・真結・地域マーケティング部・・東京オフィス担当
,代表取締役副社長安全保障輸出管理管掌、樹脂機械事業部・成形機事業部・産業機械事業部・特機本部管掌、事業開発室管掌、広島製作所・横浜製作所・名機製作所担当,,常務取締役バス事業部・次世代モビリティ推進室・乗合子会社新サービス推進室担当
,取締役常務執行役員CSR・リスク管理担当、ESG推進担当、安全保障輸出管理担当、安全衛生管理・環境管理担当、人事教育部・総務部担当、秘書室長,,取締役専務執行役員工事本部長
,取締役常務執行役員CISO、デジタル化推進担当、素形材・エンジニアリング事業担当、情報システム室・知的財産部担当,,取締役上席執行役員総務管理本部長兼経理部長
,取締役常務執行役員CFO、経理部担当、経営企画室長,,取締役上席執行役員営業本部長兼電力事業本部長
,取締役会長,,専務取締役営業担当
,代表取締役社長,,取締役営業担当
,代表取締役副社長,,代表取締役会長兼グループCEO
,取締役専務執行役員,,代表取締役副会長兼グループCOO
,取締役専務執行役員,,常務取締役管理本部長兼東京支店長
,代表取締役社長社長執行役員CEO監査部担当,,取締役社長(代表取締役)総括運輸・輸送安全推進本部長
,代表取締役副社長副社長執行役員CTO経営企画部、事業企画部管掌技術開発本部、生産本部、海外事業所管,,取締役専務執行役員整備担当
,取締役常務執行役員生産本部長,,取締役専務執行役員財務・総務担当内部監査室長
,取締役常務執行役員総務部、人事部、労働部所管,,取締役専務執行役員不動産・関連事業担当、観光関連担当観光事業推進本部長
,取締役常務執行役員CFO経営企画部、事業企画部所管経理部担当,,専務取締役サージカル&セラピービジネスユニット統括部長兼営業本部長
,(代表取締役)取締役頭取,,常務取締役コーポレート本部長兼グローバルマーケティング本部長
,(代表取締役)専務取締役,,取締役ホスピタルプロダクツビジネスユニット統括部長兼研究開発本部長
,常務取締役事務本部長,,取締役ブラッドマネジメント&セルセラピービジネスユニット統括部長兼生産本部長
,常務取締役営業本部長,,代表取締役社長HR本部長
,常務取締役郡山営業部長,,取締役執行役員システムソリューション事業本部長
,代表取締役社長,,取締役執行役員事業企画本部長
,取締役専務執行役員グループコーポレート本部長,,取締役執行役員ネットワークサービス事業本部長
,取締役専務執行役員情報系事業統括,,代表取締役頭取
,取締役常務執行役員生活・産業資材事業本部長,,取締役副社長執行役員(生産技術本部長)
,取締役常務執行役員生産統括本部長,,取締役常務執行役員兼営業本部長
,代表取締役社長,,取締役副社長LS事業本部長SQ推進本部長
,代表取締役副社長事業統括コーポレート企画センターセンター長(注1),,取締役副社長管理本部長
,取締役常務執行役員バルブ・TPMS事業本部本部長,,常務取締役TCS事業本部長
,取締役常務執行役員プレス・樹脂事業本部本部長,,専務取締役(代表取締役)営業統括本部長
,取締役(注2),,専務取締役(代表取締役)経営戦略本部長
,取締役会長,,代表取締役社長CEO
,代表取締役社長執行役員社長,,常務取締役機能材事業本部長
,代表取締役執行役員副社長DX推進室長,,常務取締役洋紙・白板紙事業本部長
,取締役執行役員副社長,,取締役経営企画部、経営管理部担当
,取締役常務執行役員管理本部長DX推進室副室長,,取締役生産技術本部長兼安全環境品質本部副本部長
,代表取締役社長執行役員,,取締役専務執行役員技術・品質管掌
,代表取締役専務執行役員社長補佐秘書室担当人事部担当購買・物流部担当内部統制推進委員長,,取締役常務執行役員生産管掌
,取締役常務執行役員食品本部長東アジア食品事業プロジェクトチームリーダー,,取締役常務執行役員経理財務・経営企画・総務管掌
,取締役常務執行役員化学品営業本部長,,取締役常務執行役員東京支社長
,取締役執行役員財務・経理部長,,代表取締役会長執行役員
,代表取締役会長兼CEO,,取締役専務執行役員西日本事業部長兼大阪本社代表
,代表取締役社長兼COO,,取締役専務執行役員東日本事業部長兼東京本社代表
,代表取締役専務専務執行役員企画・開発本部長兼総合企画部長,,取締役常務執行役員エンジニアリング本部長
,専務取締役専務執行役員営業担当兼店舗運営事業本部長,,取締役(常勤監査等委員)
,常務取締役常務執行役員営業副担当兼商品事業本部長,,常務取締役自動車機器事業本部長兼自動車機器事業本部海外事業部アジア担当
,代表取締役社長,,常務取締役業務本部長兼岐阜事業所長
,取締役,,常務取締役商品事業本部長兼商品事業本部冷凍機器事業部長兼広島事業所長兼栃木事業所長
,取締役,,取締役購買本部長兼相模原事業所長
,取締役,,常務取締役生産・SCM戦略デザイン本部E.Designer
,取締役,,取締役HR・WB経営推進本部E.Designer
,代表取締役会長,,取締役副社長兼FMS事業部、エンジニアリング事業部担当
,代表取締役社長,,専務取締役営業本部長兼東日本支社長兼情報戦略部、関東サービスセンター、東京工事部、東京管理部担当
,常務取締役営業担当,,常務取締役西日本支社長
,取締役CSR・経営管理担当,,常務取締役製造本部長兼グループ品質管理責任者兼グループ生産統括
,取締役経営企画担当,,専務取締役グループ統括本社本部長
,代表取締役会長,,取締役執行役員国際事業部事業部長
,代表取締役社長,,代表取締役会長兼社長CEO
,代表取締役,,専務取締役人事・研究開発管掌
,取締役すまいとくらしの連携本部長,,常務取締役BU本部長兼企業戦略担当兼広報・IR担当兼サステナビリティ推進担当
,取締役,,取締役国際事業部長
,取締役会長,,取締役法務部長兼生産環境担当兼信頼性保証担当兼コンプライアンス担当
,取締役頭取(代表取締役)内部監査部担当,,(代表取締役)取締役社長
,常務取締役(代表取締役)営業本部長・市場営業部担当,,(代表取締役)専務取締役グループ生産本部長兼プラント事業管掌
,常務取締役業務部・内部統制部担当,,常務取締役国内営業本部長兼ケミカル事業管掌
,常務取締役経営企画部・人材開発部事業支援部・金融投資部東京事務所担当,,常務取締役グローバル営業本部長兼グローバル事業管掌
,代表取締役社長,,取締役経営管理本部長
,取締役,,代表取締役専務執行役員事業統括本部長事業統括本部システムソリューション事業部長事業統括本部インキュベーションセンター長
,取締役,,取締役グループ上級執行役員
,取締役執行役員東京支社支社長兼建築用品本部本部長兼営業部長,,取締役上級執行役員経営統括本部長
,取締役執行役員ダイカスト事業統括,,専務取締役企画開発本部、物流システム本部管掌
,取締役社長代表取締役,,取締役販売本部長
,取締役,,代表取締役社長執行役員最高執行責任者新事業開発本部本部長
,取締役,,取締役専務執行役員グローバル経営事業本部本部長国内・海外関係会社統括
,取締役,,取締役常務執行役員管理本部本部長コンプライアンス、コーポレートガバナンス、リスクマネジメント、ESG統括
,取締役,,取締役執行役員シート・電装事業本部本部長購買担当
,代表取締役社長,,取締役執行役員電子事業本部本部長
,代表取締役専務執行役員内部統制コンプライアンスCSR・経理担当,,取締役営業統括部長
,取締役専務執行役員安全衛生・環境品質保証担当,,代表取締役副社長副社長執行役員
,取締役常務執行役員基幹産業事業本部長,,取締役専務執行役員企画本部長、販売本部長
,取締役常務執行役員技術本部長,,取締役常務執行役員IT推進本部長、送配電本部長、離島カンパニー社長
,取締役会長(代表取締役),,専務取締役技術・生産担当
,取締役頭取(代表取締役),,取締役総務部長兼人事部長
,取締役常務執行役員(代表取締役),,取締役東京支社長
,取締役常務執行役員,,代表取締役(会長)
,取締役常務執行役員,,代表取締役(社長)
,取締役社長(代表取締役),,代表取締役(専務執行役員)
,常務取締役(代表取締役),,取締役(常務執行役員)総合企画部長
,取締役第1技術本部長,,代表取締役副社長執行役員
,取締役高松第1生産本部長兼第2技術本部長,,取締役常務執行役員ファーネス事業部門管掌、本社部門(購買、財務)管掌
,取締役高松第2生産本部長,,取締役常務執行役員本社部門(ICT、総務、リスクマネジメント、業務改革推進)管掌、総務人事部長
,代表取締役社長,,取締役常務執行役員耐火物製造事業部門管掌、コークス炉事業全般に関し管掌、安全衛生環境防災に関し管掌、耐火物製造事業本部長
,取締役営業本部長,,取締役常務執行役員セラミックス事業部門管掌、本社部門(経営企画)管掌、経営企画部長
,取締役管理本部長,,代表取締役兼執行役員社長
,取締役営業本部副本部長,,代表取締役兼執行役員副社長安全環境部・洋上風力推進部・技術研究開発センター統括
,取締役,,代表取締役兼執行役員副社長経営企画部・ESG推進部・内部監査室・再発防止部統括
,取締役社長社長執行役員(代表取締役),,取締役兼執行役員専務国際事業本部長
,取締役常務執行役員安全品質部・営業部・電設工事部・環境設備部・情報通信部担当,,取締役兼執行役員常務土木事業本部長
,取締役常務執行役員考査室・総務部・法務室・人事労務部・経理部・資材部担当,,代表取締役執行役員副社長
,取締役常務執行役員企画部・配電部・計測器部・電力工事部・地中線部・電力保守部・担当,,取締役執行役員常務エンベデッドソリューション本部長(電子デバイス部門担当)
,取締役,,取締役執行役員常務ソリューションビジネス本部長
,取締役会長,,取締役執行役員常務管理本部長
,代表取締役社長執行役員,,代表取締役専務執行役員生産・SCM・調達部門長
,常務取締役上席執行役員、社長補佐、情報・技術担当,,取締役専務執行役員経営推進部門長
,常務取締役上席執行役員、社長補佐、管理担当,,取締役常務執行役員日本事業部門長
,取締役上席執行役員、営業本部長,,取締役常務執行役員国際事業部門長
,代表取締役会長,,取締役(代表取締役)経営企画本部長
,代表取締役社長社長執行役員経営戦略部長,,代表取締役社長執行役員(注)5
,取締役,,代表取締役副社長執行役員社長補佐工場・生産部門、UPS推進室、トランスミッション部品事業部門担当(注)5
,取締役,,取締役副社長執行役員技術本部、品質部門、工機部門担当(注)5
,取締役,,取締役専務執行役員経営企画部門、海外事業部門、経理部門、ロシア事業準備室担当(注)5
,取締役会長(代表取締役),,取締役専務執行役員営業部門、原価企画部門担当(注)5
,取締役社長(代表取締役)CEO,,代表取締役会長最高経営責任者
,取締役副社長(代表取締役)CTO開発本部・先行開発本部担当プロジェクトマネジメント本部長,,代表取締役社長経営執行責任者
,取締役専務執行役員ミラー事業本部長,,代表取締役海外事業担当
,取締役専務執行役員CFO経営企画室・法務室・経理本部担当,,取締役車輌資材統括兼車輌資材部門長
,代表取締役社長,,取締役研究開発センター長兼FMグループ長兼人工衛星グループ長、ビスコテックス部門長、TPF事業所長
,代表取締役専務,,代表取締役社長兼社長執行役員経営統轄本部長
,代表取締役専務,,取締役兼副社長執行役員
,取締役専務執行役員,,取締役兼常務執行役員事業本部長兼デジタルマーケティング戦略本部長
,取締役専務執行役員,,代表取締役社長業務推進室、社長室、秘書室、内部監査室、CSR・ESG推進本部担当最高情報セキュリティ責任者
,取締役社長代表取締役,,代表取締役常務技術機構総括
,専務取締役交通政策本部・人財管理本部・交通技術研究室担当DX戦略室長,,常務取締役推進機構総括総務・人事本部、広報本部、購買本部、海外事業本部担当
,常務取締役経営企画室・地域共創本部・バス事業本部担当広報・ブランド戦略室長,,取締役事業機構総括顔料事業部、化成品事業部、合樹・着材第1事業部、新規事業開発本部、オフセットインキ事業部担当
,常務取締役不動産事業本部長,,取締役生産機構総括生産推進本部、東京、大阪、東海、川口、坂東製造事業所、浮間合成、施設・設備本部担当
,常務取締役経営管理本部長,,取締役専務執行役員塗装システム事業部長
,代表取締役社長社長執行役員兼プリントクリエイト事業部担当,,取締役専務執行役員管理本部長
,取締役執行役員コーポレート本部長兼内部統制部、環境活動推進部、品質保証部担当兼リスク・コンプライアンス担当,,取締役専務執行役員経営企画本部長兼CSR担当兼グローバル戦略部長
,取締役執行役員海外営業本部長,,取締役専務執行役員環境システム事業部長
,取締役,,専務取締役(代表取締役)
,取締役,,取締役監査部長
,代表取締役会長,,代表取締役社長COO
,代表取締役社長社長執行役員,,取締役グループ会社・ダイバーシティ担当
,代表取締役副社長執行役員原子力事業本部長,,代表取締役社長・KPS-3イニシアティブ担当
,取締役副社長執行役員国際事業本部長,,常務取締役・販売イニシアティブ・経営管理イニシアティブ・日本営業ビジネスフィールド・興亜販売㈱・興亜化成㈱・KOADENKO(S)PTE.LTD.・上海可爾電子貿易有限公司・KOAELECTRONICS(H.K.)LTD.・KOASP
,取締役副社長執行役員原子力事業本部副本部長,,取締役・ものづくりイニシアティブ・上伊那ビジネスフィールド・下伊那ビジネスフィールド・箕輪ビジネスフィールド・興亜エレクトロニクス㈱・真田KOA㈱・鹿島興亜電工㈱・KOADENKO(MALAYS
,代表取締役社長執行役員兼CEO安全保障輸出管理本部長、特定輸出申告最高責任者,,取締役・技術イニシアティブ・品質保証イニシアティブ担当
,取締役副社長執行役員兼CMO成長期待事業担当,,代表取締役社長・CEO
,取締役常務執行役員兼CTO研究開発・生産・品質、環境、品質統括監理室、RD統括センター担当、エネルギー管理統括者,,取締役執行役員専務研究・開発関連
,取締役常務執行役員兼CFO経営企画部、IT部、法務室、経理部、調達・物流担当、経営企画部長,,取締役執行役員常務ものづくり関連
,取締役,,取締役副社長生産・開発管掌
,代表取締役社長兼社長執行役員,,取締役副社長営業管掌
,代表取締役兼専務執行役員,,専務取締役管理本部長企業文化コミュニケーション部長
,取締役兼常務執行役員,,取締役CFO
,取締役兼執行役員設備・環境安全統括室長,,取締役常勤監査等委員
,取締役,,取締役監査等委員
,代表取締役社長,,代表取締役会長兼社長
,代表取締役副社長執行役員経理部担当兼IT企画室担当,,代表取締役副会長経営管理本部長
,専務取締役執行役員営業本部長・LE営業部長,,取締役常務執行役員キタガワマテリアルテクノロジーカンパニー社長
,常務取締役執行役員製造本部長,,取締役常務執行役員開発本部長兼新事業推進本部長
,常務取締役執行役員技術本部長・研究開発センター部長・空調商品開発グループ部長,,取締役常務執行役員キタガワサンテックカンパニー社長
,代表取締役会長,,代表取締役社長執行役員営業本部長兼トータルデザインセンター担当
,代表取締役社長,,取締役執行役員島精機(香港)有限公司CEO
,取締役常務執行役員マシンツール事業本部本部長、営業部部長,,取締役執行役員経理財務部長兼管理部、物流部担当
,取締役常務執行役員ロボットソリューション事業本部本部長,,取締役執行役員生産本部長兼開発本部担当
,取締役執行役員経営管理部部長経理部部長,,代表取締役社長経営企画室担当
,代表取締役社長,,常務取締役開発生産グループ担当兼品質保証室担当
,常務取締役営業担当,,常務取締役首席執行役員海外事業部担当
,取締役四国営業・関連事業本部長,,常務取締役営業グループ担当兼ハーブ事業部担当
,取締役商品担当,,代表取締役経営企画部・情報システム部・ICT推進部担当
,取締役管理担当兼)リスクマネジメント担当,,取締役原子力事業部・装置事業部担当、技術本部長
,代表取締役会長,,取締役コンプライアンス推進室・総務部・人事部・財務部担当
,代表取締役社長執行役員,,代表取締役社長HI営業本部長
,代表取締役専務執行役員本社管理部門統括,,取締役副社長家具営業本部長兼家具商品部長
,取締役常務執行役員事業統括本部長,,取締役副社長HI営業副本部長
,取締役執行役員工場部長兼洗濯科学研究所長,,常務取締役HI営業本部長補佐
,代表取締役会長CEO兼CWO,,取締役経営企画部長
,代表取締役社長COO兼CSO,,取締役経理担当
,代表取締役専務執行役員CFO兼財務本部長,,取締役上席執行役員生産本部長
,取締役,,取締役上席執行役員
,取締役,,取締役副社長執行役員
,取締役会長,,専務取締役グローバル統括本部長・営業本部・生産本部管掌
,代表取締役社長執行役員社長,,常務取締役生産本部長
,取締役常務執行役員建築本部長,,取締役常務執行役員技術統括兼購買・物流部担当兼RC推進部担当兼貿易管理室長兼研究開発本部長
,取締役常務執行役員経営企画本部長,,取締役常務執行役員管理統括兼CSR推進統括兼内部統制監査室担当
,取締役執行役員管理本部長,,取締役執行役員人事室担当兼経営企画室長兼DX推進グループリーダー
,代表取締役会長,,代表取締役頭取執行役員
,取締役副会長CSR推進室・品質統制室担当,,代表取締役副頭取執行役員
,代表取締役社長営業統括本部長,,専務取締役(執行役員兼務)
,取締役専務執行役員人材開発室・総合ソリューション部担当,,常務取締役(執行役員兼務)
,取締役常務執行役員営業統括本部副本部長・エンジニアリング本部長兼安全衛生推進室担当,,代表取締役会長兼CEO(最高経営責任者)
,代表取締役社長経営執行役社長CSO(ChiefSustainabilityOfficer),,代表取締役社長兼COO(最高執行責任者)
,代表取締役副社長経営執行役副社長コーポレート担当,,取締役専務執行役員兼CFO(最高財務責任者)兼CSO(最高戦略責任者)
,取締役,,取締役社長執行役員(代表取締役)品質本部長
,取締役,,取締役専務執行役員海外本部長
,取締役,,取締役常務執行役員営業本部長兼エンジニアリンググループ担当
,代表取締役社長再生医療システム本部長,,取締役常務執行役員営業本部副本部長兼セキュリティ事業担当
,取締役副会長,,代表取締役執行役員副社長研究管掌兼高機能マテリアル事業本部長兼研究業務本部長兼本社研究所長兼桂研究所長
,取締役副社長メカトロ事業部担当、国際本部長,,取締役常務執行役員事業企画管掌兼バイオ・メディカル事業本部長兼東京支社長
,取締役副社長プラント営業統轄本部担当,,取締役常務執行役員(リスク・コンプライアンス室担当)
,取締役副社長プラント生産統轄本部担当、グループ生産・情報統轄本部長兼生産計画推進本部長兼開発本部長、再生医療システム副本部長,,取締役常務執行役員開発本部長兼新規飲食事業部長
,代表取締役社長,,取締役上席執行役員営業本部長
,取締役専務執行役員PGA事業管掌、研究開発本部管掌、環境安全・品質保証本部長、新事業創出プロジェクト統括マネージャー,,社外取締役監査委員
,取締役常務執行役員内部監査管掌、経理本部長、管理本部長、改革推進プロジェクト統括マネージャー,,社外取締役報酬委員長監査委員
,社外取締役,,社外取締役取締役会議長指名委員長
,社外取締役,,社外取締役指名委員報酬委員
,代表取締役社長執行役員,,社外取締役指名委員
,代表取締役専務執行役員,,取締役社長(代表取締役)兼店舗運営本部長
,取締役常務執行役員,,取締役財務本部長兼人事部担当兼社長補佐
,取締役常務執行役員,,取締役管理本部長兼総務部長
,取締役常務執行役員,,取締役商品統括本部長
,取締役会長,,代表取締役社長最高経営責任者
,代表取締役社長最高経営責任者(CEO),,取締役執行役員技術部管掌製造本部本部長兼製造1部長兼教育部長兼人材開拓部長兼情報セキュリティ管理室長
,代表取締役専務執行役員,,取締役執行役員業務改革部長兼品質環境管理部長
,取締役専務執行役員,,取締役執行役員総務経理本部本部長兼総務人事部長兼経理部長
,取締役常務執行役員,,代表取締役社長執行役員監査室担当
,代表取締役社長,,取締役上席執行役員技術開発本部長兼技術開発企画室長生産統括管掌
,代表取締役専務取締役内部監査・総務・人事担当,,取締役上席執行役員高分子事業本部長グローバル推進管掌東京駐在
,常務取締役経理担当,,常務取締役コンプライアンスオフィサー開発本部長
,常務取締役開発担当,,代表取締役会長兼最高経営責任者
,常務取締役鉄道本部長,,代表取締役社長兼最高執行責任者
,代表取締役取締役会長,,取締役兼常務執行役員技術ユニット長
,代表取締役社長社長執行役員,,取締役総務本部長兼経理部長
,取締役専務執行役員,,取締役総務本部管理部長兼内部監査室長
,取締役常務執行役員,,取締役営業本部東京第一支店長兼東京事務所長
,取締役常務執行役員,,取締役生産本部長兼生産管理室長
,代表取締役会長,,専務取締役グループ事業経営戦略本部管掌兼パーラー営業本部管掌
,代表取締役社長,,取締役グループ事業経営戦略本部長兼グループ経営管理部長
,取締役専務執行役員,,取締役PS商品本部管掌
,取締役専務執行役員,,取締役専務執行役員技術・海外・設備・コンポジットプロジェクト室担当
,取締役常務執行役員,,取締役常務執行役員人事・総務・法務担当
,(代表取締役)取締役会長,,取締役上席執行役員グループガバナンス(安全・品質管理・環境・CSR・監査・関係会社)担当
,取締役副会長,,取締役副社長業務一部ゼネラルマネージャー
,(代表取締役)取締役社長社長執行役員,,常務取締役商品部ゼネラルマネージャー
,取締役副社長副社長執行役員社長補佐,,取締役副社長グループ会社統括
,取締役常務執行役員第1事業部、第2事業部、第3事業部、メンテナンス設計部管掌,,専務取締役新ビジネス創成、サービスビジネス担当
,代表取締役取締役会長,,専務取締役イノベーション担当兼アルバック・ファイ株式会社代表取締役社長
,代表取締役取締役社長最高経営責任者最高執行責任者社長執行役員,,取締役副社長CCO法務担当内部統制担当BCP担当CSR担当
,取締役専務執行役員,,取締役執行役員調達担当シイエムケイ・プロダクツ株式会社担当
,取締役最高財務責任者専務執行役員,,取締役執行役員社長室長
,取締役,,取締役執行役員経理担当
,取締役会長(代表取締役),,取締役副社長執行役員経営企画本部長
,取締役社長(代表取締役),,取締役専務執行役員プロセス機器事業部長、播磨製作所の担当、技術開発センター、技術研究所の総括
,取締役常務執行役員国内営業本部長,,取締役常務執行役員環境エンジニアリング事業本部長、同水環境技術本部長、新規事業推進部、支社・支店、ロンドン事務所の総括
,取締役上席執行役員品質統括室長,,取締役執行役員監査部、総務部、人事労政部、安全衛生管理部、品質環境防災部、全社コンプライアンスの担当、経営企画部、財務部の総括
,取締役,,代表取締役会長会長執行役員
,代表取締役取締役会長,,取締役専務執行役員海外本部長兼経営企画部長システム統括部・品質保証部・CS推進部・性能評価センター担当
,代表取締役取締役社長社長執行役員,,取締役専務執行役員生産本部長調達本部・財務部・総務部・環境室・安全推進室担当
,取締役専務執行役員総合企画本部、業務本部及び監査部担任総務本部長,,取締役専務執行役員技術本部長兼技術部長研究開発部担当
,取締役専務執行役員商業開発本部担任営業政策本部長、百貨店事業本部長及び外商統括本部長,,代表取締役副社長執行役員食肉事業本部長、事業横断戦略推進担当
,取締役常務執行役員商業開発本部長,,代表取締役副社長執行役員加工事業本部長、新規事業推進担当
,取締役社長[代表取締役],,取締役常務執行役員経営企画本部長、中央研究所担当、北海道プロジェクト推進担当
,取締役常務執行役員基盤事業本部長、原料統括部門長、物流統括部門長,,取締役執行役員経理財務部、品質保証部、お客様志向推進部、ライフスタイル研究室担当、東京支社長
,取締役執行役員管理本部長、人事統括部門長、人事部長、中国事業管理室長、㈱トウペ取締役,,代表取締役副社長執行役員経営企画本部長
,取締役,,取締役常務執行役員エネルギー・産業本部長
,取締役,,取締役常務執行役員電力本部長代理兼電力営業部長
,社長(代表取締役),,会長代表取締役
,取締役専務執行役員,,頭取代表取締役
,取締役常務執行役員,,代表取締役副会長
,取締役執行役員,,取締役副社長執行役員営業部門管掌産業ガス本部、水素本部、機械本部各担当お客様サービス本部長
,取締役執行役員コネクタ事業部長,,取締役専務執行役員業務部、監査部各担当危機管理委員会委員長
,代表取締役社長社長執行役員,,取締役常務執行役員(営業本部長)
,代表取締役専務執行役員社長補佐、営業本部長、兼事業本部担当,,取締役常務執行役員(経営企画部長兼デジタル戦略室長)
,取締役専務執行役員事業本部長,,取締役常務執行役員技術開発本部長
,取締役常務執行役員AEO統括室、経営企画部、業務管理室、経理部、関係会社管理室担当,,取締役執行役員生産本部長
,取締役常務執行役員特命担当(業務高度化、旅行事業)、兼総合営業第三部、ビジネスソリューション営業部、国際営業第一部、国際営業第二部、国際営業第三部管掌,,専務取締役専務執行役員
,代表取締役執行役員社長,,常務取締役常務執行役員
,取締役執行役員,,取締役副社長執行役員総務人事部長
,取締役,,取締役副社長執行役員生産統括本部長
,取締役,,専務取締役執行役員国内統括部長
,取締役(監査等委員),,常務取締役執行役員生産統括本部素材加工事業統括部長
,代表取締役社長,,取締役常務執行役員営業・サービス担当兼電子システムカンパニー長
,取締役営業本部本部長兼ホームセンター営業部兼物流部部長,,取締役執行役員コーポレート・コミュニケーション担当兼財務経理部長
,取締役経官管理本部本部長兼デジタル戦略本部本部長,,取締役(社外)(非常勤)
,取締役商品本部本部長兼物流本部本部長,,取締役副社長兼副社長執行役員(代表取締役)社長補佐、業務全般担当
,取締役,,取締役兼専務執行役員医薬営業、持田ヘルスケア担当
,代表取締役社長,,取締役兼専務執行役員事業開発、バイオマテリアル事業担当
,代表取締役専務取締役総括、事業戦略部・真結・地域マーケティング部・・東京オフィス担当,,取締役兼常務執行役員研究、医薬開発担当持田製薬工場管掌
,常務取締役バス事業部・次世代モビリティ推進室・乗合子会社新サービス推進室担当,,取締役ものづくりセンター長
,取締役,,取締役新事業推進センター長兼医療機器事業推進部長
,取締役,,取締役(執行役員副社長)建築事業本部管掌
,代表取締役社長執行役員,,代表取締役(専務執行役員)経営管理本部長兼CSR担当
,取締役専務執行役員工事本部長,,取締役(専務執行役員)建築事業本部長兼安全環境部管掌
,取締役常務執行役員技術本部長,,取締役(専務執行役員)土木事業本部長兼安全環境部管掌
,取締役上席執行役員総務管理本部長兼経理部長,,取締役徳島営業本部長
,取締役上席執行役員営業本部長兼電力事業本部長,,取締役常務執行役員開発技術本部長
,取締役会長(代表取締役),,取締役専務執行役員CFOコーポレート総括
,取締役社長(代表取締役),,取締役常務執行役員インフィビスカンパニープレジデント
,専務取締役営業担当,,取締役常務執行役員通信計測カンパニープレジデント
,常務取締役営業担当,,代表取締役社長管理本部長中期経営計画推進委員長
,取締役営業担当,,取締役副社長事業部門担当広報IR部・SDGs推進担当
,代表取締役会長兼グループCEO,,取締役販売事業本部長
,代表取締役副会長兼グループCOO,,取締役投融資部長兼広域販売グループ統括部長兼広域販売事業部長
,代表取締役社長,,代表取締役専務執行役員社長室長兼海外事業担当
,常務取締役管理本部長兼東京支店長,,取締役専務執行役員建築事業本部長
,取締役,,取締役専務執行役員土木事業本部長
,取締役会長(代表取締役),,取締役常務執行役員大阪本店長兼建築事業本部副本部長
,取締役社長(代表取締役)総括運輸・輸送安全推進本部長,,代表取締役社長最高執行責任者
,取締役専務執行役員整備担当,,代表取締役取締役・常務執行役員繊維事業部長
,取締役専務執行役員財務・総務担当内部監査室長,,代表取締役取締役・常務執行役員化成品事業部長
,取締役専務執行役員不動産・関連事業担当、観光関連担当観光事業推進本部長,,取締役常務執行役員環境メカトロニクス事業部長
,代表取締役社長,,取締役執行役員総務部、不動産開発部、施設環境部担当
,専務取締役サージカル&セラピービジネスユニット統括部長兼営業本部長,,常務取締役総合企画担当
,常務取締役コーポレート本部長兼グローバルマーケティング本部長,,取締役商品・デジタル担当
,取締役ホスピタルプロダクツビジネスユニット統括部長兼研究開発本部長,,取締役管理担当
,取締役ブラッドマネジメント&セルセラピービジネスユニット統括部長兼生産本部長,,代表取締役社長戦略統括本部本部長商品企画開発部長
,代表取締役会長,,常務取締役JukenNewZealandLtd.担当
,代表取締役社長HR本部長,,常務取締役営業本部本部長営業本部西日本営業部長
,取締役執行役員システムソリューション事業本部長,,取締役戦略統括本部副本部長
,取締役執行役員事業企画本部長,,取締役営業本部東日本営業部長構造システム営業部長
,取締役執行役員ネットワークサービス事業本部長,,代表取締役副社長兼経営戦略本部長
,取締役会長,,取締役グループ管理本部長兼同本部人材育成部長
,代表取締役頭取,,取締役業務本部長兼本店営業部長
,代表取締役専務,,取締役技術生産本部長兼研究開発本部長
,常務取締役,,代表取締役社長CEO(兼)グループ各社取締役会長
,常務取締役,,取締役専務執行役員社長補佐
,代表取締役会長,,取締役常務執行役員海外統括事業部事業部長(兼)海外管掌
,代表取締役社長執行役員,,取締役常務執行役員生産調達管掌
,取締役副社長執行役員(生産技術本部長),,代表取締役社長(社長執行役員)取締役会議長グループ経営会議議長リスク管理委員会委員長内部統制監査室担当
,取締役専務執行役員,,取締役(専務執行役員)国内・国際事業統括、支社・支店担当
,取締役専務執行役員,,取締役(常務執行役員)国際事業担当、国際PJ統括
,取締役会長,,取締役(常務執行役員)経営管理統括
,代表取締役社長,,専務取締役管理本部長
,取締役専務執行役員,,専務取締役運営統括本部長
,取締役専務執行役員,,常務取締役経営企画本部長
,取締役常務執行役員兼営業本部長,,常務取締役運営企画本部長
,取締役会長(代表取締役),,常務取締役商品本部長
,取締役社長(代表取締役),,取締役店舗開発本部長
,取締役副社長LS事業本部長SQ推進本部長,,取締役環境事業本部長
,取締役副社長管理本部長,,取締役常務執行役員兼CTO
,常務取締役TCS事業本部長,,専務取締役営業部門統轄兼シューズ部門担当
,取締役頭取(代表取締役),,常務取締役管理部門統轄兼CSR担当
,専務取締役(代表取締役)営業統括本部長,,取締役プラスチック部門担当兼車輌資材事業部長
,専務取締役(代表取締役)経営戦略本部長,,取締役産業資材部門担当
,常務取締役,,代表取締役専務営業統括本部長
,常務取締役,,常務取締役業務統括本部長兼DI本部長
,代表取締役社長CEO,,代表取締役(社長執行役員)最高経営責任者(CEO)
,常務取締役機能材事業本部長,,代表取締役(専務執行役員)社長を補佐し経営全般水産事業執行
,常務取締役洋紙・白板紙事業本部長,,取締役(常務執行役員)最高財務責任者(CFO)経営管理部門管掌
,取締役経営企画部、経営管理部担当,,取締役(常務執行役員)食品事業執行、営業企画部担当
,取締役生産技術本部長兼安全環境品質本部副本部長,,取締役(執行役員)ファインケミカル事業執行RD部門管掌
,代表取締役会長,,代表取締役内部監査室担当取締役社長執行役員CEO
,代表取締役社長執行役員,,代表取締役専務執行役員グループ統括
,取締役専務執行役員技術・品質管掌,,取締役常務執行役員信号事業部長
,取締役常務執行役員生産管掌,,取締役執行役員経理部長
,取締役常務執行役員経理財務・経営企画・総務管掌,,代表取締役取締役社長執行役員社長
,代表取締役社長,,取締役専務執行役員開発本部長
,取締役常務執行役員,,取締役専務執行役員経理財務本部長
,取締役常務執行役員,,取締役常務執行役員総務本部長
,取締役常務執行役員東京支社長,,取締役執行役員材料事業本部長
,取締役常務執行役員,,取締役副社長執行役員営業グループ管掌
,代表取締役会長執行役員,,取締役専務執行役員コーポレートグループ管掌
,代表取締役社長執行役員,,常務取締役営業本部長兼中部本部長
,取締役専務執行役員西日本事業部長兼大阪本社代表,,取締役管理本部長兼経営企画部長
,取締役専務執行役員東日本事業部長兼東京本社代表,,取締役管理本部長(兼)総務部長・東京支社総務部長関係会社担当
,取締役常務執行役員エンジニアリング本部長,,取締役営業本部長(兼)開発本部管掌
,代表取締役社長,,常務取締役常務執行役員総務本部長法務室長
,取締役副社長,,取締役執行役員マーケティング本部長グローバル戦略室長
,取締役,,取締役常務執行役員事業部門・営業部門担当
,取締役,,取締役執行役員管理部門担当
,取締役(常勤監査等委員),,代表取締役/社長執行役員
,取締役社長代表取締役,,取締役/常務執行役員機能材料カンパニー長
,常務取締役自動車機器事業本部長兼自動車機器事業本部海外事業部アジア担当,,取締役/常務執行役員化成品カンパニー長/営業統括本部副部長
,常務取締役業務本部長兼岐阜事業所長,,取締役社長(代表取締役)社長執行役員
,常務取締役商品事業本部長兼商品事業本部冷凍機器事業部長兼広島事業所長兼栃木事業所長,,取締役常務執行役員技術担当
,取締役購買本部長兼相模原事業所長,,代表取締役副社長執行役員社長補佐、情報システム担当、安全推進・品質保証・航空機整備事業管掌、CIO
,代表取締役会長,,取締役専務執行役員人事総務・広報担当、CCO
,代表取締役社長,,取締役専務執行役員航空機内装品・機器事業本部長
,取締役副社長,,取締役常務執行役員IR担当、CFO
,常務取締役生産・SCM戦略デザイン本部E.Designer,,代表取締役社長中之島ホテルプロジェクト委員長
,取締役HR・WB経営推進本部E.Designer,,代表取締役専務執行役員財務部・人事部・リーガグラン京都・リーガロイヤルホテル京都担当(兼)財務内部統制委員長(兼)サステナビリティ委員会副委員長
,代表取締役社長,,取締役常務執行役員品質管理部・購買部・総務部・監査部担当(兼)コンプライアンス委員長(兼)リスク管理委員長(兼)食品安全衛生委員長(兼)サステナビリティ委員会副委員長
,取締役副社長兼FMS事業部、エンジニアリング事業部担当,,取締役執行役員セールス統括部・ホテル製品事業部・マーケティング部・ITシステム部担当(兼)経営企画部副担当
,専務取締役営業本部長兼東日本支社長兼情報戦略部、関東サービスセンター、東京工事部、東京管理部担当,,取締役執行役員リーガロイヤルホテル(大阪)総支配人
,常務取締役西日本支社長,,常務取締役業務本部長
,常務取締役製造本部長兼グループ品質管理責任者兼グループ生産統括,,取締役外販事業本部長
,代表取締役会長,,取締役事業開発推進管掌(商品担当)
,代表取締役社長,,取締役会長会長執行役員
,専務取締役グループ統括本社本部長,,取締役副社長執行役員営業、情報システム、APLL統括
,取締役執行役員国際事業部事業部長,,取締役常務執行役員経営企画、総務統括
,取締役,,取締役常務執行役員人事、財務経理、監査統括
,代表取締役会長兼社長CEO,,専務取締役管理本部長財務部長しごとチェンジ推進室担当
,取締役,,常務取締役生産本部長情報システム室担当
,取締役,,常務取締役営業本部長営業企画室長
,取締役,,代表取締役社長CEOグループ代表
,取締役,,取締役専務執行役員COO経営企画室長兼店舗開発部長
,代表取締役社長,,取締役専務執行役員CFO管理本部長
,専務取締役人事・研究開発管掌,,取締役執行役員商品事業本部長
,常務取締役BU本部長兼企業戦略担当兼広報・IR担当兼サステナビリティ推進担当,,取締役執行役員管理本部副本部長兼財務部長兼人事担当
,取締役国際事業部長,,代表取締役執行役員副社長生産技術本部長兼安全環境品質担当
,取締役法務部長兼生産環境担当兼信頼性保証担当兼コンプライアンス担当,,取締役専務執行役員研究開発部門統轄、品質保証部担当
,(代表取締役)取締役社長,,取締役専務執行役員営業部門統括、営業企画部・海外事業部・ソリューション営業部・飼料畜産部・穀物原料部担当
,(代表取締役)専務取締役グループ生産本部長兼プラント事業管掌,,取締役常務執行役員管理部門統轄
,常務取締役国内営業本部長兼ケミカル事業管掌,,取締役常務執行役員ミックス・パスタ事業統括室・油脂部・食品部・支店担当
,常務取締役グローバル営業本部長兼グローバル事業管掌,,取締役常務執行役員国内営業部門担当
,取締役経営管理本部長,,(代表取締役)取締役副頭取
,代表取締役社長執行役員社長,,取締役専務執行役員東京支店長
,代表取締役専務執行役員事業統括本部長事業統括本部システムソリューション事業部長事業統括本部インキュベーションセンター長,,取締役副社長執行役員オセアニア事業本部長海外事業統括
,取締役グループ上級執行役員,,取締役副社長執行役員技術本部長水素・CCUS事業開発室担当、HSE及びコンプライアンス担当
,取締役上級執行役員経営統括本部長,,取締役専務執行役員グローバルエネルギー営業本部長
,取締役,,代表取締役副社長執行役員事業統括本部長
,代表取締役会長,,取締役常務執行役員企画本部長兼SCM本部長
,代表取締役社長,,取締役執行役員アセアンエリア長兼サイアムフコク㈱取締役会長
,専務取締役企画開発本部、物流システム本部管掌,,取締役執行役員営業本部長
,取締役販売本部長,,取締役執行役員管理担当(社長室・総務・人事・経営監査・情報システム)兼財務経理部長
,取締役,,常務取締役CIO
,代表取締役社長執行役員最高執行責任者新事業開発本部本部長,,取締役専務執行役員営業部門担当兼国内営業本部長
,取締役専務執行役員グローバル経営事業本部本部長国内・海外関係会社統括,,取締役常務執行役員エンジニアリング事業部、安全衛生部担当
,取締役常務執行役員管理本部本部長コンプライアンス、コーポレートガバナンス、リスクマネジメント、ESG統括,,取締役常務執行役員管理部門、情報システム部、経営企画部、国内関係会社担当
,取締役執行役員シート・電装事業本部本部長購買担当,,取締役常務執行役員生産部門、技術研究所、技術部担当
,取締役執行役員電子事業本部本部長,,代表取締役社長コンプライアンス管掌
,代表取締役会長,,代表取締役副社長責任役員超品質・サプライチェーン・BSマネジメント担当
,代表取締役社長,,取締役副社長CSR・ESG・ビジネス創造担当
,取締役常務執行役員,,取締役専務利益・資産管理担当
,取締役常務執行役員,,取締役専務執行役員事業管理本部長コンプライアンスオフィサーコーポレート部長
,取締役常務執行役員,,代表取締役会長CEO最高経営責任者
,取締役頭取(代表取締役),,代表取締役社長COO最高執行責任者
,取締役副頭取(代表取締役),,取締役副社長営業統轄
,専務取締役,,取締役専務執行役員関東統轄、東京支社長
,常務取締役,,取締役専務執行役員木材住資担当、通信保険部長
,取締役営業統括部長,,取締役専務執行役員環境資材事業本部長
,代表取締役会長,,取締役専務執行役員建築資材事業本部長
,代表取締役社長社長執行役員,,専務取締役経営企画・総務人事・経理担当、海外事業担当、経理本部長
,代表取締役副社長副社長執行役員,,専務取締役洋菓子事業本部担当、菓子事業本部担当、購買担当
,取締役専務執行役員企画本部長、販売本部長,,常務取締役総務部長コンプライアンス担当リスク統括担当
,取締役常務執行役員IT推進本部長、送配電本部長、離島カンパニー社長,,常務取締役経営企画部長
,代表取締役会長,,取締役財務部長
,代表取締役社長,,常務取締役経営企画室長
,専務取締役技術・生産担当,,常務取締役営業本部長兼営業推進室長
,取締役総務部長兼人事部長,,取締役兼代表執行役社長事業開発・DX担当統括
,取締役東京支社長,,取締役兼執行役DX企画部門担当統括兼IT企画部担当兼グループ戦略部(システム改革)担当
,代表取締役(会長),,取締役監査委員会委員
,代表取締役(社長),,社外取締役指名委員会委員長報酬委員会委員長
,代表取締役(専務執行役員),,代表取締役会長店舗・立地開発担当
,取締役(常務執行役員)総合企画部長,,代表取締役専務執行役員グローバルマーケティング・営業統括新業態開発担当
,取締役(常務執行役員),,取締役常務執行役員FC事業担当M&A担当
,代表取締役社長,,取締役常務執行役員財務・成長戦略担当
,代表取締役副社長執行役員,,代表取締役取締役社長社長執行役員コンプライアンス統括役員(CCO)
,取締役専務執行役員,,取締役専務執行役員有機化学事業管掌兼バイオサイエンス事業本部長
,取締役専務執行役員,,取締役常務執行役員財務本部長
,取締役専務執行役員,,取締役常務執行役員無機化学営業本部長
,代表取締役社長,,取締役頭取
,取締役常務執行役員ファーネス事業部門管掌、本社部門(購買、財務)管掌,,取締役専務執行役員軌道本部長
,取締役常務執行役員本社部門(ICT、総務、リスクマネジメント、業務改革推進)管掌、総務人事部長,,取締役常務執行役員土木本部長新幹線大規模改修本部長ISOトップマネジメント担当
,取締役常務執行役員耐火物製造事業部門管掌、コークス炉事業全般に関し管掌、安全衛生環境防災に関し管掌、耐火物製造事業本部長,,取締役常務執行役員管理本部長総務部長人事部長
,取締役常務執行役員セラミックス事業部門管掌、本社部門(経営企画)管掌、経営企画部長,,代表取締役専務執行役員CTO(最高技術責任者)欧州地域CEO
,代表取締役兼執行役員社長,,取締役常務執行役員CFO(最高財務責任者)グローバルIT戦略担当
,代表取締役兼執行役員副社長安全環境部・洋上風力推進部・技術研究開発センター統括,,代表取締役社長執行役員社長(経営全般)
,代表取締役兼執行役員副社長経営企画部・ESG推進部・内部監査室・再発防止部統括,,常務取締役常務執行役員事業推進本部長(空間情報技術センター管掌)
,取締役兼執行役員専務国際事業本部長,,常務取締役常務執行役員経営本部長(コーポレート統括部管掌、労務、リスク管理担当)最高財務責任者(CFO)
,取締役兼執行役員常務土木事業本部長,,常務取締役常務執行役員事業推進本部副本部長経営本部副本部長社会インフラマネジメント事業部長(中期経営計画推進担当)
,代表取締役執行役員社長,,取締役執行役員事業推進本部副本部長(営業統括部管掌、海外事業、グループ会社担当)
,代表取締役執行役員副社長,,代表取締役専務営業本部長
,取締役執行役員常務エンベデッドソリューション本部長(電子デバイス部門担当),,常務取締役管理本部長兼コンプライアンス担当
,取締役執行役員常務ソリューションビジネス本部長,,取締役営業本部副本部長兼商品統括部長兼商品SV部長
,取締役執行役員常務管理本部長,,取締役経営企画統括部長兼広報部長
,代表取締役社長,,取締役会長代表取締役CEO
,代表取締役専務執行役員生産・SCM・調達部門長,,取締役社長代表取締役COO
,取締役専務執行役員経営推進部門長,,取締役常務執行役員CFO(兼)財務本部長
,取締役常務執行役員日本事業部門長,,取締役副社長営業担当兼経営企画室管掌
,取締役常務執行役員国際事業部門長,,専務取締役開発部管掌
,取締役社長(代表取締役),,専務取締役管理本部長兼総務部長
,取締役(代表取締役)経営企画本部長,,専務取締役商品ライン本部長兼商品統括部長兼販売企画部管掌
,取締役,,代表取締役副社長副社長執行役員事務本部長
,取締役,,取締役常務執行役員事業部統轄本部長
,取締役,,取締役常務執行役員サービス開発本部長
,代表取締役社長執行役員(注)5,,取締役常務執行役員情報企画本部長
,代表取締役副社長執行役員社長補佐工場・生産部門、UPS推進室、トランスミッション部品事業部門担当(注)5,,代表取締役社長IT機能統括担当
,取締役副社長執行役員技術本部、品質部門、工機部門担当(注)5,,取締役副社長(代表取締役)経営管理機能統括担当
,取締役専務執行役員経営企画部門、海外事業部門、経理部門、ロシア事業準備室担当(注)5,,専務取締役技術・品質機能統括担当
,取締役専務執行役員営業部門、原価企画部門担当(注)5,,専務取締役営業機能統括担当調達機能統括担当生産管理機能統括担当
,代表取締役会長最高経営責任者,,常務取締役二輪事業統括兼アセアン事業統括兼南米事業統括兼リスクマネジメントオフィサー兼レース担当
,代表取締役社長経営執行責任者,,常務取締役四輪事業統括兼積層金型技術開発担当
,代表取締役海外事業担当,,代表取締役専務取締役
,取締役車輌資材統括兼車輌資材部門長,,取締役内部管理統括責任者、監理本部長
,取締役研究開発センター長兼FMグループ長兼人工衛星グループ長、ビスコテックス部門長、TPF事業所長,,取締役専務執行役員商品・調達・富山地区関係会社担当
,代表取締役社長兼社長執行役員経営統轄本部長,,取締役専務執行役員海外担当
,取締役兼副社長執行役員,,取締役社長(代表取締役)社長執行役員全般統理
,取締役兼常務執行役員事業本部長兼デジタルマーケティング戦略本部長,,取締役副社長(代表取締役)副社長執行役員社長補佐・土木本部長・海外事業担当兼国内関係会社担当
,取締役,,取締役(代表取締役)専務執行役員建築本部長
,取締役,,取締役常務執行役員技術本部長・安全品質環境担当
,代表取締役社長業務推進室、社長室、秘書室、内部監査室、CSR・ESG推進本部担当最高情報セキュリティ責任者,,代表取締役副社長経営企画室長
,代表取締役常務技術機構総括,,専務取締役安全環境品質管理室長
,常務取締役推進機構総括総務・人事本部、広報本部、購買本部、海外事業本部担当,,専務取締役技術本部長
,取締役事業機構総括顔料事業部、化成品事業部、合樹・着材第1事業部、新規事業開発本部、オフセットインキ事業部担当,,代表取締役社長兼最高経営責任者(CEO)
,取締役生産機構総括生産推進本部、東京、大阪、東海、川口、坂東製造事業所、浮間合成、施設・設備本部担当,,取締役兼常務執行役員営業統括本部統括本部長兼DPS事業推進本部長
,代表取締役社長執行役員,,取締役兼常務執行役員経営企画室長兼人事総務本部管掌
,取締役専務執行役員塗装システム事業部長,,取締役兼執行役員管理本部長兼KNT事業推進プロジェクトリーダー
,取締役専務執行役員管理本部長,,代表取締役専務執行役員営業本部長(都市ガスグループ管掌)
,取締役専務執行役員経営企画本部長兼CSR担当兼グローバル戦略部長,,代表取締役専務執行役員コーポレート本部長
,取締役専務執行役員環境システム事業部長,,取締役専務執行役員経営管理統括本部長
,取締役頭取(代表取締役),,取締役常務執行役員営業統括本部長兼東京営業本部長
,専務取締役(代表取締役),,取締役常務執行役員経営企画開発統括本部長兼研究開発本部長
,常務取締役,,代表取締役社長経営企画担当
,取締役監査部長,,取締役上席執行役員首都圏事業本部長
,取締役,,代表取締役社長執行役員オートバックスチェン本部長
,代表取締役会長CEO,,取締役専務執行役員オートバックス事業企画・営業統括兼社長室・事業企画担当
,代表取締役社長COO,,取締役専務執行役員商品・サービス統括兼カー用品担当
,代表取締役副社長,,取締役専務執行役員関東事業部長
,代表取締役副社長,,取締役頭取(執行役員兼務)(代表取締役)
,取締役グループ会社・ダイバーシティ担当,,専務取締役営業企画部長兼商品部門担当
,取締役会長,,専務取締役経営戦略室長兼営業戦略部長兼経営企画室長兼店舗開発部長
,代表取締役社長・KPS-3イニシアティブ担当,,専務取締役企業戦略室長兼関西物流RMセンター準備室事務長兼管理部門担当
,常務取締役・販売イニシアティブ・経営管理イニシアティブ・日本営業ビジネスフィールド・興亜販売㈱・興亜化成㈱・KOADENKO(S)PTE.LTD.・上海可爾電子貿易有限公司・KOAELECTRONICS(H.K.)LTD.・KOASP,,常務取締役社長室長兼ブルーオーシャン商品開発部長
,取締役・ものづくりイニシアティブ・上伊那ビジネスフィールド・下伊那ビジネスフィールド・箕輪ビジネスフィールド・興亜エレクトロニクス㈱・真田KOA㈱・鹿島興亜電工㈱・KOADENKO(MALAYS,,代表取締役社長社長執行役員兼経営企画戦略本部長
,取締役・技術イニシアティブ・品質保証イニシアティブ担当,,取締役常務執行役員プローブカード事業部長
,代表取締役会長,,取締役プローブカード事業部青森統括部長
,代表取締役社長・CEO,,"取締役MEKCo.,Ltd.代表理事"
,取締役執行役員専務研究・開発関連,,取締役常務執行役員海外事業部長
,取締役執行役員常務ものづくり関連,,取締役常務執行役員特装事業部長
,取締役,,取締役(非常勤)
,代表取締役社長執行役員,,取締役上席執行役員コア事業本部長兼マーケティング推進部長
,取締役副社長生産・開発管掌,,取締役上席執行役員人財コーポレート本部長
,取締役副社長営業管掌,,取締役常務執行役員企画管理本部長
,取締役(監査等委員),,取締役常務執行役員軸受事業部長
,取締役(監査等委員),,取締役常務執行役員免制震事業部長
,代表取締役会長,,代表取締役常務執行役員管理部門管掌総務・人事・経理担当、監理担当代行
,代表取締役社長,,取締役常務執行役員戦略部門管掌経営企画室長環境・品質担当、新事業推進担当代行
,取締役副社長,,取締役常務執行役員DX戦略推進室長
,専務取締役,,代表取締役社長海外事業推進担当
,常務取締役,,代表取締役専務取締役経営管理部門統括地域・グループ担当輸出管理委員会委員長倫理・コンプライアンス委員会委員長内部統制委員会委員長
,代表取締役会長CEO,,専務取締役営業部門統括住環境マーケット事業本部長
,代表取締役社長,,常務取締役工業マーケット事業本部長
,代表取締役副社長,,取締役建設マーケット事業本部長
,専務取締役管理本部長企業文化コミュニケーション部長,,取締役専務執行役員人事・総務グループ統括
,常務取締役,,取締役常務執行役員教育施設事業部長兼広域地域事業部長
,代表取締役会長兼グループCEO,,取締役常務執行役員教育ICT事業部長
,代表取締役社長兼COO,,取締役上席執行役員財務・経理グループ統括兼グループ経営推進部長
,取締役CFO,,取締役兼専務執行役員CSO兼CFO金融カンパニー準備室責任者
,取締役常勤監査等委員,,取締役兼常務執行役員CMO(Global)アジアカンパニーバイスプレジデント
,取締役監査等委員,,取締役兼常務執行役員GMSカンパニープレジデント
,代表取締役会長兼社長,,取締役兼常務執行役員ドン・キホーテ西カンパニープレジデント
,代表取締役副会長経営管理本部長,,代表取締役社長住宅統轄本部長
,取締役常務執行役員キタガワマテリアルテクノロジーカンパニー社長,,常務取締役管理統轄本部長
,取締役常務執行役員開発本部長兼新事業推進本部長,,取締役日本ハウス事業部長
,取締役常務執行役員キタガワサンテックカンパニー社長,,取締役J・エポックホーム事業部長
,代表取締役会長,,常務取締役電力カンパニー社長
,代表取締役社長執行役員営業本部長兼トータルデザインセンター担当,,常務取締役モータカンパニー社長
,取締役執行役員島精機(香港)有限公司CEO,,取締役モータカンパニー副カンパニー長兼応用機器部長
,取締役執行役員経理財務部長兼管理部、物流部担当,,取締役電力カンパニー副カンパニー長兼制御機器部長
,取締役執行役員生産本部長兼開発本部担当,,取締役社長代表取締役社長執行役員
,代表取締役社長経営企画室担当,,取締役常務執行役員機能商品本部長
,常務取締役開発生産グループ担当兼品質保証室担当,,取締役常務執行役員プラント本部長兼エレクトロニクス事業部長
,常務取締役首席執行役員海外事業部担当,,取締役常務執行役員技術開発本部長兼開発センター長
,常務取締役営業グループ担当兼ハーブ事業部担当,,取締役副社長副社長執行役員社長執行役員補佐兼経営企画室長
,取締役,,取締役専務執行役員総務部長兼TRM委員長兼人事部・法務部管掌
,代表取締役社長,,取締役上席執行役員金属・環境営業本部長兼営業第一部長兼営業第三部長
,代表取締役経営企画部・情報システム部・ICT推進部担当,,取締役上席執行役員金属・環境海外本部長
,取締役原子力事業部・装置事業部担当、技術本部長,,代表取締役取締役副社長
,取締役営業本部長,,取締役常務執行役員業務本部長兼DX本部長兼DX本部情報システム部長
,取締役コンプライアンス推進室・総務部・人事部・財務部担当,,取締役常務執行役員情報電子事業本部長
,代表取締役社長,,取締役常務執行役員ライフサイエンス事業本部長兼事業企画部長
,代表取締役副社長,,専務取締役営業本部長兼グループ営業担当
,常務取締役,,常務取締役営業本部副本部長東日本担当
,取締役,,常務取締役営業本部副本部長兼広域流通担当兼ブランド事業・海外事業担当
,取締役,,常務取締役南近畿支社長
,代表取締役会長執行役員,,取締役副社長産商事業担当兼エンジニアリング事業担当
,代表取締役社長執行役員,,専務取締役管理本部担当
,取締役専務執行役員,,常務取締役半導体事業担当兼半導体事業部長
,取締役常務執行役員,,取締役専務執行役員グローバル事業本部担当
,取締役常務執行役員,,取締役専務執行役員事業本部担当
,代表取締役社長HI営業本部長,,取締役常務執行役員CTO研究開発本部長
,取締役副社長家具営業本部長兼家具商品部長,,取締役常務執行役員調達本部長兼品質管理担当
,取締役副社長HI営業副本部長,,代表取締役兼専務執行役員コーポレートセンター管掌
,常務取締役HI営業本部長補佐,,取締役兼常務執行役員ニッタ・ムアー事業部兼テクニカルセンター管掌
,取締役経営企画部長,,取締役兼執行役員テクニカルセンター長
,代表取締役会長,,取締役兼執行役員関連会社担当
,代表取締役社長社長執行役員,,取締役コンプライアンス・法務・環境担当
,代表取締役副社長執行役員,,取締役社長執行役員(代表取締役)
,取締役専務執行役員,,取締役執行役員経営企画室長
,取締役常務執行役員,,取締役常務執行役員コーポレートセンター担当兼CSR・ESG担当
,代表取締役社長,,取締役執行役員合成樹脂事業部長兼RDセンター担当
,常務取締役,,取締役執行役員新規材料事業部長
,取締役経理担当,,取締役副社長(リスク管理委員会委員長)
,取締役,,専務取締役(管理本部長)
,取締役,,取締役副社長光学開発本部、基礎開発本部及び研究開発センター担当
,取締役会長,,取締役副社長生産部門(青森工場、中国工場、ベトナム工場)及び技術開発本部担当
,取締役頭取(代表取締役),,専務取締役特機事業本部及びコンプライアンス担当
,取締役副頭取(代表取締役),,専務取締役管理本部、内部統制及びリスクマネジメント担当
,専務取締役(代表取締役),,取締役管理・内部統制・コンプライアンス担当管理本部長
,常務取締役,,専務取締役営業統括本部長
,取締役社長(代表取締役),,取締役常務執行役員新潟支店長
,取締役常務執行役員,,取締役常務執行役員鉄道営業推進本部長
,取締役上席執行役員生産本部長,,取締役常務執行役員安全本部長
,取締役上席執行役員,,代表取締役副社長社長補佐兼グループ新造船事業統轄兼船舶海洋事業部長
,取締役上席執行役員,,取締役専務執行役員生産業務本管掌兼伊万里事業所長兼ISO総括
,代表取締役会長,,取締役専務執行役員船舶海洋事業部副事業部長兼営業本部長
,代表取締役社長執行役員,,代表取締役執行役員副社長土木本部長
,代表取締役副社長執行役員,,取締役ビジネスソリューション本部長
,取締役副社長執行役員,,取締役専務執行役員営業担当(電力営業)
,取締役専務執行役員,,取締役専務執行役員営業担当(溶接・接合、FAロボット)
,代表取締役会長,,取締役常務執行役員営業担当(産業用電力機器)、EMS事業部担当
,代表取締役社長,,代表取締役社長執行役員安全統括本部長
,専務取締役グローバル統括本部長・営業本部・生産本部管掌,,取締役常務執行役員フレグランス・アロマイングリディエンツ事業本部、米州地域担当(TakasagoInternationalCorporation(U.S.A.)駐在)
,常務取締役生産本部長,,取締役常務執行役員コーポレート本部長兼安全統括副本部長兼国際品質保証統括部長、情報システム部、品質保証部担当
,取締役品質保証本部長,,取締役常務執行役員フレーバー事業本部長兼フレーバー営業部長、支店担当
,取締役会長(代表取締役),,常務取締役品質本部長
,取締役社長(代表取締役),,常務取締役管理本部長兼経理部長
,取締役常務執行役員技術統括兼購買・物流部担当兼RC推進部担当兼貿易管理室長兼研究開発本部長,,取締役経営企画本部長兼GCR推進室長
,取締役常務執行役員管理統括兼CSR推進統括兼内部統制監査室担当,,代表取締役会長(C.E.O.)
,取締役執行役員人事室担当兼経営企画室長兼DX推進グループリーダー,,代表取締役社長社長執行役員(C.O.O.)
,代表取締役頭取執行役員,,代表取締役副社長執行役員製粉事業部門管掌
,代表取締役副頭取執行役員,,取締役専務執行役員食品事業部門管掌商品開発委員会委員長
,取締役専務執行役員,,取締役専務執行役員管理部門管掌、IT管掌、CSR管掌
,取締役常務執行役員,,常務取締役常務執行役員(営業本部長)
,取締役,,取締役常務執行役員(総務部長)
,取締役会長(代表取締役),,取締役監査等委員(常勤)
,取締役頭取(代表取締役),,取締役専務デザインセンター長デザイン担当
,専務取締役(執行役員兼務),,取締役常務経営企画、経営管理、グループ全般担当
,常務取締役(執行役員兼務),,取締役常務商業その他施設事業担当
,常務取締役(執行役員兼務),,取締役文化施設事業担当
,代表取締役会長兼CEO(最高経営責任者),,代表取締役社長社長執行役員リスク管理委員会委員長兼経営情報室兼内部監査部統括
,代表取締役社長兼COO(最高執行責任者),,代表取締役専務執行役員経営企画本部長
,取締役専務執行役員兼CFO(最高財務責任者)兼CSO(最高戦略責任者),,取締役専務執行役員コンプライアンス委員会委員長兼営業本部長兼管理本部長兼保証事業本部長兼与信ガバナンス部兼リスク統括部統括
,社外取締役,,取締役専務執行役員経理部兼総務部兼人事部統括
,社外取締役,,代表取締役常務営業本部長
,取締役会長(代表取締役),,常務取締役グループ会社統括本部長
,取締役社長執行役員(代表取締役)品質本部長,,取締役営業本部副本部長兼海外営業部長
,取締役専務執行役員海外本部長,,取締役技術本部長兼千葉工場長
,取締役常務執行役員営業本部長兼エンジニアリンググループ担当,,専務取締役生産部門・法務室・製品開発センター・技術センター担当
,取締役常務執行役員営業本部副本部長兼セキュリティ事業担当,,常務取締役生産部門副担当岐阜製作所長
,取締役会長,,常務取締役営業部門・人事総務部・営業技術部担当、事業開発部・製品開発センター副担当
,代表取締役社長執行役員社長,,常務取締役経営企画部・経理部・情報システム部・物流業務部・秘書室・DX推進担当、事業開発部副担当輸出管理室長
,代表取締役執行役員副社長研究管掌兼高機能マテリアル事業本部長兼研究業務本部長兼本社研究所長兼桂研究所長,,専務取締役開発本部長
,取締役常務執行役員事業企画管掌兼バイオ・メディカル事業本部長兼東京支社長,,常務取締役品質保証本部長兼検査管理部長
,取締役常務執行役員,,常務取締役営業企画部長
,取締役社長(代表取締役),,取締役専務執行役員営業本部長
,取締役常務執行役員(リスク・コンプライアンス室担当),,取締役専務執行役員経営管理本部長兼経営企画部長
,取締役常務執行役員開発本部長兼新規飲食事業部長,,取締役専務執行役員商品流通本部長
,取締役上席執行役員営業本部長,,取締役営業副本部長
,取締役,,代表取締役会長経営全般総攬CSR・全社品質推進担当CSR推進本部長
,社外取締役監査委員,,代表取締役社長経営全般執行電子化学実装関連事業担当事業改革推進室長
,社外取締役報酬委員長監査委員,,取締役常務執行役員ユニット関連事業担当本社部門統括経営管理・情報セキュリティ担当経営管理本部長事業改革推進室副室長
,社外取締役取締役会議長指名委員長,,取締役経営企画部、経理部、事業企画部担当、技術開発部門、製造部門統括
,社外取締役指名委員報酬委員,,取締役総務部、営業部門、関係会社統括
,社外取締役指名委員,,取締役常務執行役員社長室管掌
,取締役会長,,代表取締役副社長人事総務・経理・情報管掌兼調達管掌兼原価企画管掌兼医療機器事業管掌兼内部統制管掌兼技術開発管掌兼海外事業管掌
,取締役頭取(代表取締役),,代表取締役副社長経営企画室管理本部開発生産本部不整脈事業本部CVG事業本部薬事統括本部宣伝企画部管掌
,取締役専務執行役員,,常務取締役開発生産本部長
,取締役常務執行役員,,常務取締役不整脈事業本部長
,取締役常務執行役員,,常務取締役管理本部長経営企画室管掌
,取締役会長(代表取締役),,代表取締役兼社長執行役員
,取締役社長(代表取締役)兼店舗運営本部長,,代表取締役本社(人事総務本部・企画本部)管掌
,取締役財務本部長兼人事部担当兼社長補佐,,取締役人事総務本部管掌
,取締役管理本部長兼総務部長,,取締役企画本部管掌
,取締役商品統括本部長,,代表取締役(執行役員社長)
,取締役会長,,取締役(常務執行役員)事業本部長
,代表取締役社長最高経営責任者,,取締役(常務執行役員)永大小名浜㈱、関東住設産業㈱担当
,取締役執行役員技術部管掌製造本部本部長兼製造1部長兼教育部長兼人材開拓部長兼情報セキュリティ管理室長,,取締役(上席執行役員)営業本部長
,取締役執行役員業務改革部長兼品質環境管理部長,,取締役(執行役員)事業本部海外事業部長
,取締役執行役員総務経理本部本部長兼総務人事部長兼経理部長,,取締役兼専務執行役員コーポレート部門統括
,代表取締役会長,,取締役兼常務執行役員工場長兼磁性部品・環境安全・ISO推進室担当
,代表取締役社長執行役員監査室担当,,取締役兼常務執行役員販売部門統括兼CSR室長
,取締役常務執行役員管理本部長,,取締役取締役会長取締役会議長指名委員報酬委員
,取締役上席執行役員技術開発本部長兼技術開発企画室長生産統括管掌,,取締役指名委員報酬委員監査委員
,取締役上席執行役員高分子事業本部長グローバル推進管掌東京駐在,,取締役常務執行役員産業機器事業本部長
,代表取締役社長,,取締役常務執行役員自動車事業本部長兼自動車営業統括部長
,常務取締役コンプライアンスオフィサー開発本部長,,取締役上席執行役員コーポレート本部長
,取締役,,取締役上席執行役員戦略企画本部長
,取締役,,常務取締役繊維板事業部長
,取締役,,常務取締役建材事業部長
,代表取締役会長兼最高経営責任者,,常務取締役国産材活用事業部長
,代表取締役社長兼最高執行責任者,,代表取締役社長社長執行役員監査室担当
,取締役兼常務執行役員技術ユニット長,,取締役専務執行役員品質保証本部長生産システム本部長
,取締役兼常務執行役員,,取締役常務執行役員経理部担当経営戦略部担当
,取締役,,代表取締役専務執行役員建設事業本部長
,代表取締役社長,,取締役常務執行役員製品事業本部長
,取締役総務本部長兼経理部長,,取締役製造本部長
,取締役総務本部管理部長兼内部監査室長,,代表取締役社長執行役員営業統括本部長
,取締役営業本部東京第一支店長兼東京事務所長,,取締役専務執行役員営業統括本部副本部長
,取締役生産本部長兼生産管理室長,,常務取締役開発本部長
,代表取締役会長兼社長,,代表取締役専務執行役員最高財務責任者
,専務取締役グループ事業経営戦略本部管掌兼パーラー営業本部管掌,,取締役常務執行役員営業本部長兼グループ経営戦略室長
,取締役グループ事業経営戦略本部長兼グループ経営管理部長,,取締役常務執行役員計装事業統括部長
,取締役管理本部長,,取締役常務執行役員空調事業統括部長兼東京空調事業部長
,取締役PS商品本部管掌,,取締役常務執行役員生産本部長生産管理部長
,取締役,,取締役執行役員技術開発本部長
,取締役,,代表取締役社長法務・コンプライアンス室担当
,取締役,,常務取締役管理部門統括輸出管理室長
,取締役,,取締役共和電機工業株式会社担当
,取締役,,取締役製造部門統括品質保証部門担当
,取締役会長代表取締役,,取締役専務執行役員ビジネス統轄本部長
,取締役頭取代表取締役,,代表取締役常務取締役常務執行役員
,専務取締役代表取締役,,代表取締役副会長事業統轄本部長
,常務取締役,,代表取締役社長社長役員
,常務取締役,,取締役専務役員総合支援本部長
,代表取締役社長,,専務取締役品質保証本部長
,取締役会長,,常務取締役経営企画本部長兼経理部長
,取締役専務執行役員技術・海外・設備・コンポジットプロジェクト室担当,,専務取締役本社部門管掌
,取締役常務執行役員人事・総務・法務担当,,取締役開発・電子デバイス関連部門管掌
,取締役上席執行役員グループガバナンス(安全・品質管理・環境・CSR・監査・関係会社)担当,,取締役生産器材部門管掌
,取締役会長,,代表取締役副社長管理本部長兼CFO
,代表取締役社長,,専務取締役営業統括本部長兼レストラン事業本部長兼海外事業本部長兼いきなり!ステーキ事業本部長兼購買部長
,取締役副社長業務一部ゼネラルマネージャー,,常務取締役総務本部長
,常務取締役商品部ゼネラルマネージャー,,取締役マーケティング本部長
,取締役,,取締役ウエルネス事業本部長
,代表取締役社長,,取締役直営店本部長
,取締役,,専務取締役営業本部本部長兼東日本営業統括部統括マネージャー
,取締役,,専務取締役生産本部本部長
,取締役,,専務取締役経理財務本部本部長兼経営企画室管掌兼秘書室東京本社管掌
,取締役,,専務取締役SCM本部本部長兼情報システム部管掌
,代表取締役社長,,代表取締役副社長COO半導体社カンパニー長
,取締役副社長グループ会社統括,,代表取締役CFO業務会社カンパニー長
,専務取締役新ビジネス創成、サービスビジネス担当,,取締役半導体社執行役員専務
,専務取締役イノベーション担当兼アルバック・ファイ株式会社代表取締役社長,,取締役半導体社執行役員常務
,取締役,,代表取締役専務管理部門(総務・法務)品質保証部門事業戦略部門担当
,代表取締役社長CEO,,取締役食品事業部門(販売・開発)ヘルスケア事業部門担当
,取締役副社長CCO法務担当内部統制担当BCP担当CSR担当,,取締役化成品事業部門担当化成品事業部長
,取締役執行役員調達担当シイエムケイ・プロダクツ株式会社担当,,取締役管理部門(経理・システム)経営戦略部門担当
,取締役執行役員社長室長,,取締役製作本部長
,取締役執行役員経理担当,,取締役技術本部長兼総合技術研究所長
,代表取締役会長,,取締役副社長副社長執行役員総務本部長
,代表取締役社長社長執行役員,,取締役常務執行役員営業副本部長兼営業本部海外営業担当
,取締役副社長執行役員経営企画本部長,,取締役上席執行役員本店長
,取締役常務執行役員管理本部長,,専務取締役技術開発本部長
,社外取締役,,取締役基板統括本部長
,取締役社長(代表取締役),,取締役経営推進本部長兼総合企画室長
,取締役専務執行役員プロセス機器事業部長、播磨製作所の担当、技術開発センター、技術研究所の総括,,取締役営業統括本部長
,取締役常務執行役員環境エンジニアリング事業本部長、同水環境技術本部長、新規事業推進部、支社・支店、ロンドン事務所の総括,,取締役商品本部長
,取締役執行役員監査部、総務部、人事労政部、安全衛生管理部、品質環境防災部、全社コンプライアンスの担当、経営企画部、財務部の総括,,代表取締役副社長執行役員社長補佐、海外事業統括本部長、秘書室担当
,取締役,,代表取締役副社長執行役員社長補佐、電力事業本部長
,代表取締役会長会長執行役員,,取締役専務執行役員米州・ロシア事業本部長
,代表取締役社長社長執行役員,,代表取締役社長最高執行役員社長
,取締役専務執行役員海外本部長兼経営企画部長システム統括部・品質保証部・CS推進部・性能評価センター担当,,代表取締役専務執行役員経営企画室長兼サポート本部長
,取締役専務執行役員生産本部長調達本部・財務部・総務部・環境室・安全推進室担当,,取締役執行役員総務部長
,取締役専務執行役員技術本部長兼技術部長研究開発部担当,,代表取締役グローバルセールス統括本部長ECBU/BUGM
,代表取締役社長社長執行役員,,取締役コーポレート管理統括本部長
,代表取締役副社長執行役員食肉事業本部長、事業横断戦略推進担当,,取締役CNBU/BUGM
,代表取締役副社長執行役員加工事業本部長、新規事業推進担当,,取締役PBBU/BUGM
,取締役常務執行役員経営企画本部長、中央研究所担当、北海道プロジェクト推進担当,,代表取締役社長・営業本部長
,取締役執行役員経理財務部、品質保証部、お客様志向推進部、ライフスタイル研究室担当、東京支社長,,取締役管理統括部長・人事総務部長
,代表取締役会長,,代表取締役社長執行役員安全衛生・環境担当事業開発本部長
,代表取締役社長社長執行役員,,取締役常務執行役員設備担当IH事業部長製品技術本部長製品技術本部生産技術開発部長
,代表取締役副社長執行役員,,取締役常務執行役員情報戦略・TQM推進担当製品事業部事業部長調達本部長製品事業部業務部長
,取締役常務執行役員,,取締役専務執行役員(技術開発本部長兼海外管掌)
,取締役常務執行役員,,取締役常務執行役員(経営戦略本部長兼経営企画部長兼関連事業部長)
,代表取締役社長社長執行役員,,取締役常務執行役員(安全環境品質本部長)
,代表取締役副社長執行役員経営企画本部長,,取締役副社長経営管理本部長
,取締役常務執行役員エネルギー・産業本部長,,専務取締役安全衛生環境本部長
,取締役常務執行役員電力本部長代理兼電力営業部長,,専務取締役技術営業本部長
,取締役常務執行役員,,取締役埼玉製作所長光・環境事業部長
,会長代表取締役,,取締役照明事業部長
,頭取代表取締役,,取締役執行役員専務
,専務取締役代表取締役,,取締役執行役員常務
,常務取締役,,専務取締役営業本部長兼商品本部長
,常務取締役,,常務取締役店舗運営本部長
,代表取締役会長兼CEO,,取締役生鮮商品部長兼デリカ・コンセ担当
,代表取締役副会長,,代表取締役社長執行役員CEO
,代表取締役社長執行役員,,代表取締役専務執行役員国内販売担当兼店舗営業本部長
,取締役副社長執行役員営業部門管掌産業ガス本部、水素本部、機械本部各担当お客様サービス本部長,,取締役常務執行役員総合研究所長
,取締役専務執行役員業務部、監査部各担当危機管理委員会委員長,,取締役常務執行役員シナジー戦略推進室長
,取締役頭取(代表取締役),,代表取締役会長執行役員会長
,取締役常務執行役員(営業本部長),,代表取締役副社長執行役員副社長営業本部長、建設企画部長、法人営業担当、タイフクダ担当
,取締役常務執行役員,,取締役執行役員土木部長
,取締役常務執行役員,,取締役執行役員東京本店長
,取締役常務執行役員(経営企画部長兼デジタル戦略室長),,取締役副社長執行役員チタン事業統括本部長
,代表取締役社長社長執行役員,,取締役専務執行役員経営管理本部長触媒事業部・化学品事業部管掌
,取締役常務執行役員営業本部長,,取締役常務執行役員技術本部長新規事業推進室管掌
,取締役常務執行役員技術開発本部長,,取締役常務執行役員経営管理本部副本部長
,取締役執行役員生産本部長,,代表取締役社長社長執行役員経営企画本部長
,取締役執行役員管理本部長,,取締役副社長技術部門担当
,取締役会長(代表取締役),,取締役副社長環境測定事業担当環境創造研究所長
,取締役頭取(代表取締役),,常務取締役常務執行役員営業本部長環境技術事業担当
,取締役副頭取(代表取締役),,常務取締役上席執行役員営業本部長
,専務取締役専務執行役員,,常務取締役上席執行役員生産本部長
,常務取締役常務執行役員,,取締役上席執行役員営業本部オフィス機器セグメント担当兼事業管理グループ部長、販売統括部長
,代表取締役会長兼社長,,取締役副社長営業本部長兼海外営業・商品購買担当
,取締役副社長執行役員総務人事部長,,常務取締役近畿・中部・九州事業部担当
,取締役副社長執行役員生産統括本部長,,常務取締役東関東・南関東・信越・北海道・東北事業部担当
,専務取締役執行役員国内統括部長,,取締役専務執行役員管理本部長兼情報システム担当
,常務取締役執行役員生産統括本部素材加工事業統括部長,,取締役常務執行役員事業本部長
,代表取締役社長,,取締役執行役員管理本部副本部長兼経営企画・経理・財務・ESG担当
,取締役,,取締役副社長営業本部長
,取締役,,常務取締役技術本部副本部長兼技術部長
,取締役,,常務取締役製造本部長兼犬山工場長
,取締役,,取締役常務執行役員生産本部・監査部・環境安全部担当
,代表取締役社長執行役員,,取締役常務執行役員グループ内部統制・管理本部経営管理部担当
,取締役常務執行役員営業・サービス担当兼電子システムカンパニー長,,取締役副社長(代表取締役)上席執行役員営業本部本部長
,取締役執行役員コーポレート・コミュニケーション担当兼財務経理部長,,専務取締役上席執行役員生産統括本部本部長
,取締役常勤監査等委員,,常務取締役上席執行役員コーポレート本部本部長
,取締役監査等委員,,取締役常務執行役員グローバル戦略推進部長
,取締役会長,,専務取締役製造本部長
,代表取締役頭取,,専務取締役営業本部長
,代表取締役専務執行役員,,常務取締役生産市場事業本部長営業本部副本部長
,取締役(社外)(非常勤),,常務取締役コーポレート本部長
,取締役(社外)(非常勤),,代表取締役副社長デバイス事業統括本部長
,取締役社長(代表取締役),,常務取締役メディカル事業統括本部長
,取締役副社長兼副社長執行役員(代表取締役)社長補佐、業務全般担当,,取締役新規事業開発本部長兼メディカル事業統括本部ブランドビジネスユニット海外営業・マーケティング統括
,取締役兼専務執行役員医薬営業、持田ヘルスケア担当,,取締役基盤技術研究本部長
,取締役兼専務執行役員事業開発、バイオマテリアル事業担当,,代表取締役常務執行役員管理全般担当、関係会社担当
,取締役兼常務執行役員研究、医薬開発担当持田製薬工場管掌,,取締役兼専務執行役員営業統轄本部長兼事業管理本部長
,取締役社長(代表取締役),,取締役兼専務執行役員エンジニアリング統轄本部長兼管理センター長
,取締役,,取締役兼常務執行役員国際本部長
,取締役ものづくりセンター長,,取締役兼執行役員経営企画本部長
,取締役新事業推進センター長兼医療機器事業推進部長,,代表取締役執行役員社長CEO
,取締役,,取締役執行役員副社長COO
,代表取締役社長(執行役員社長),,社外取締役監査等委員
,取締役(執行役員副社長)建築事業本部管掌,,取締役常務執行役員管理本部長兼経営企画部長
,代表取締役(専務執行役員)経営管理本部長兼CSR担当,,代表取締役専務執行役員製造本部長
,取締役(専務執行役員)建築事業本部長兼安全環境部管掌,,取締役副社長経営企画統括部長・法務部・秘書室・ライセンス室担当
,取締役(専務執行役員)土木事業本部長兼安全環境部管掌,,常務取締役アジア事業本部長・アジア事業企画部長・アジア事業開発部長・生産物流本部・特販室担当
,取締役頭取代表取締役,,取締役会長兼社長(代表取締役)内部監査室担当
,専務取締役代表取締役,,取締役副社長(代表取締役)副社長執行役員
,常務取締役,,取締役技術統括
,常務取締役,,取締役経営企画部・経理部・広報IR室・情報システム部担当
,取締役徳島営業本部長,,取締役製品技術本部長、品質保証統括部担当
,代表取締役社長執行役員,,取締役営業統括本部長兼商品開発本部長、ムーブメント事業部担当
,取締役専務執行役員管理本部長,,取締役専務執行役員環境・品質部・生産技術本部担当
,取締役常務執行役員生産本部長,,取締役専務執行役員情報メディア事業担当、営業管理部担当
,取締役常務執行役員開発技術本部長,,取締役常務執行役員グループ経営企画本部・情報システム部・経理部担当
,取締役,,常務取締役製造本部長
,代表取締役社長グループCEO,,常務取締役マーケティング本部長
,取締役専務執行役員CFOコーポレート総括,,取締役購買部長
,取締役常務執行役員インフィビスカンパニープレジデント,,代表取締役社長執行役員社長兼商品開発部長
,取締役常務執行役員通信計測カンパニープレジデント,,取締役常務執行役員営業部長
,取締役,,取締役常務執行役員経営企画部長
,代表取締役会長,,取締役常務執行役員行田工場長
,代表取締役社長管理本部長中期経営計画推進委員長,,代表取締役社長土木事業本部長CEO兼COO
,取締役副社長事業部門担当広報IR部・SDGs推進担当,,取締役関連事業本部長
,取締役販売事業本部長,,取締役安全品質環境本部長
,取締役投融資部長兼広域販売グループ統括部長兼広域販売事業部長,,取締役経営本部長CFO
,代表取締役社長執行役員,,取締役建築事業本部長東日本事業部長
,代表取締役専務執行役員社長室長兼海外事業担当,,取締役常務執行役員(システム戦略担当)システムコンサルティング事業部長
,取締役専務執行役員建築事業本部長,,取締役常務執行役員(ソリューション戦略担当)ソリューション事業部長
,取締役専務執行役員土木事業本部長,,取締役常務執行役員(財務・人事戦略担当)管理統括部長
,取締役常務執行役員大阪本店長兼建築事業本部副本部長,,取締役人事教育部長
,代表取締役会長最高経営責任者,,代表取締役専務執行役員営業部門統括兼東部ブロック長兼中部ブロック担当
,代表取締役社長最高執行責任者,,取締役上席執行役員西部ブロック長
,取締役相談役,,常務取締役兼執行役員業務スーパー事業部長
,取締役執行役員,,取締役兼執行役員社長室長
,取締役執行役員,,代表取締役名誉会長取締役会議長
,代表取締役取締役社長,,代表取締役会長及び最高経営責任者(CEO)
,代表取締役取締役・常務執行役員繊維事業部長,,取締役副会長会長補佐
,代表取締役取締役・常務執行役員化成品事業部長,,代表取締役社長及び最高業務執行責任者(COO)
,取締役常務執行役員環境メカトロニクス事業部長,,代表取締役副社長経営管理担当
,取締役執行役員総務部、不動産開発部、施設環境部担当,,代表取締役COO専務執行役員内部統制担当品質・環境統括
,代表取締役社長,,取締役常務執行役員社長補佐関係会社統括管理統括購買担当人事・総務本部長
,常務取締役総合企画担当,,取締役常務執行役員技術統括
,取締役営業担当,,取締役執行役員経営企画本部長広報IR室長
,取締役商品・デジタル担当,,取締役副社長執行役員営業本部長兼商品本部長
,取締役管理担当,,常務取締役常務執行役員エンジニアリング事業本部長
,代表取締役社長戦略統括本部本部長商品企画開発部長,,常務取締役常務執行役員監査室担当役員企画室担当役員
,常務取締役JukenNewZealandLtd.担当,,常務取締役常務執行役員パイプライン事業本部長
,常務取締役営業本部本部長営業本部西日本営業部長,,取締役執行役員安全品質管理室担当役員
,取締役戦略統括本部副本部長,,代表取締役会長兼社長*開発本部長
,取締役営業本部東日本営業部長構造システム営業部長,,代表取締役*営業本部長兼生産統括本部長
,代表取締役社長,,取締役*
,代表取締役副社長兼経営戦略本部長,,取締役*管理本部長
,取締役グループ管理本部長兼同本部人材育成部長,,取締役人事部長兼コスト削減特命チーム部長
,取締役業務本部長兼本店営業部長,,取締役(専務執行役員)営業統括部門部門長
,取締役技術生産本部長兼研究開発本部長,,取締役(常務執行役員)管理統括部門部門長管理本部本部長コンプライアンス担当
,代表取締役社長社長執行役員,,取締役(常務執行役員)営業統括部門部門長代行商品本部本部長
,代表取締役専務執行役員,,取締役(執行役員)商品本部本部長代行
,取締役常務執行役員,,代表取締役社長兼CEO兼COO
,取締役常務執行役員,,代表取締役副社長営業統括
,取締役常務執行役員営業本部長,,取締役兼専務執行役員営業副統括
,取締役会長,,取締役兼常務執行役員財務経理、貿易業務、業務管理担当役員
,代表取締役社長CEO(兼)グループ各社取締役会長,,代表取締役専務執行役員事業推進本部長
,取締役専務執行役員社長補佐,,取締役常務執行役員事業推進本部副本部長兼工務部長
,取締役常務執行役員海外統括事業部事業部長(兼)海外管掌,,取締役専務執行役員産業事業部長兼北海道支店長
,取締役常務執行役員生産調達管掌,,取締役(注)1
,取締役会長,,常務取締役営業統括部長
,取締役頭取(代表取締役),,代表取締役社長品質保証部・エンドミル企画部担当
,専務取締役(代表取締役),,取締役監査本部長
,常務取締役,,取締役技術本部長
,常務取締役,,常務取締役生産技術本部長兼生産部長兼バイオ事業部長
,取締役会長,,常務取締役営業本部長兼営業推進部長兼東京支店長
,代表取締役社長(社長執行役員)取締役会議長グループ経営会議議長リスク管理委員会委員長内部統制監査室担当,,代表取締役社長減速機事業部長※
,取締役(専務執行役員)国内・国際事業統括、支社・支店担当,,取締役専務執行役員営業統括新技術開発センター日静貿易(上海)有限公司担当※
,取締役(常務執行役員)国際事業担当、国際PJ統括,,取締役常務執行役員人事総務部経理部担当※
,取締役(常務執行役員)経営管理統括,,代表取締役副社長土木事業本部長兼鉄道技術研修センター担当兼中央安全衛生委員会委員長兼安全環境部担当
,取締役社長(代表取締役),,代表取締役副社長建築事業本部長兼エンジニアリングセンター長兼品質管理部担当
,専務取締役管理本部長,,取締役常務執行役員経営企画本部長兼管理本部長
,専務取締役運営統括本部長,,取締役執行役員製造本部長兼㈱アルデジャパン代表取締役社長
,常務取締役経営企画本部長,,代表取締役社長全社統轄関係会社統轄
,常務取締役運営企画本部長,,専務取締役営業本部長兼国内食肉事業部長兼姫路支店長
,代表取締役社長,,常務取締役輸入食肉事業部長
,取締役専務執行役員,,常務取締役東京支店長
,取締役執行役員事業企画本部長,,取締役CVS事業部長兼関係会社担当
,取締役,,取締役営業部長
,取締役,,取締役会長兼社長(代表取締役)会長執行役員社長執行役員最高経営責任者(CEO)
,代表取締役社長,,取締役執行役員経営企画本部長グローバル開発本部担当
,取締役副社長,,取締役執行役員グローバル営業本部担当
,常務取締役商品本部長,,取締役専務執行役員国内成形品事業管掌兼開発・技術本部長
,取締役店舗開発本部長,,取締役常務執行役員海外事業本部長
,取締役環境事業本部長,,取締役執行役員SCM本部長
,代表取締役会長兼CEO,,取締役執行役員経営企画本部長
,代表取締役社長兼COO,,取締役副社長執行役員商品統括
,取締役常務執行役員兼CTO,,取締役専務執行役員営業統括
,取締役常務執行役員,,代表取締役副社長管理本部長
,取締役,,取締役第一営業部部長兼第一グループ部長
,代表取締役社長,,取締役第二営業部部長兼第六グループ部長
,専務取締役営業部門統轄兼シューズ部門担当,,取締役管理本部長兼経営企画部部長兼管理部部長兼営業管理部部長
,常務取締役管理部門統轄兼CSR担当,,取締役研究開発本部長
,取締役プラスチック部門担当兼車輌資材事業部長,,取締役管理本部長兼コンプライアンス担当
,取締役産業資材部門担当,,取締役管理本部副本部長兼総務部長
,取締役会長,,取締役建築本部長
,代表取締役頭取,,取締役社長(代表取締役)グループCEO、グループカルチャー総括
,代表取締役専務営業統括本部長,,取締役副社長(代表取締役)グループ資本政策総括
,常務取締役,,専務取締役(代表取締役)海外事業総括、Co-HeadofInternationalBusiness
,常務取締役業務統括本部長兼DI本部長,,取締役(常務執行役員)米国事業本部長
,代表取締役(社長執行役員)最高経営責任者(CEO),,取締役(常務執行役員)半導体事業本部長
,代表取締役(専務執行役員)社長を補佐し経営全般水産事業執行,,取締役(上級執行役員)半導体事業本部副事業本部長兼マーケティング本部長
,取締役(常務執行役員)最高財務責任者(CFO)経営管理部門管掌,,専務取締役統括本部長
,取締役(常務執行役員)食品事業執行、営業企画部担当,,常務取締役統括本部副本部長兼リクルート担当兼中部支社長
,取締役(執行役員)ファインケミカル事業執行RD部門管掌,,常務取締役統括本部新規開発担当兼開発本部長
,代表取締役内部監査室担当取締役社長執行役員CEO,,取締役副社長執行役員営業本部長彩裕フーズ株式会社代表取締役会長
,代表取締役専務執行役員グループ統括,,取締役執行役員総合企画室長兼営業戦略室長
,取締役常務執行役員信号事業部長,,取締役執行役員人事部長
,取締役執行役員経理部長,,取締役執行役員販売事業部長兼情報システム部管掌
,取締役,,常務取締役フィッシング営業本部長兼営業一部長兼CSR担当
,代表取締役取締役社長執行役員社長,,常務取締役フィッシング営業本部副本部長兼マーケティング一部長兼広報担当
,取締役専務執行役員開発本部長,,常務取締役フィッシング生産本部長兼品質、法務知財担当
,取締役専務執行役員経理財務本部長,,取締役ダイワ・コルモランGmbH代表取締役社長
,取締役常務執行役員総務本部長,,取締役事業本部長営業本部長
,取締役執行役員材料事業本部長,,代表取締役社長社長執行役員監査部・リスク管理担当
,代表取締役社長社長執行役員,,取締役常務執行役員技術開発研究所・人材開発センター担当
,取締役副社長執行役員営業グループ管掌,,取締役常務執行役員総務人事部担当総務人事部長
,取締役専務執行役員コーポレートグループ管掌,,取締役常務執行役員生産供給本部長デジタルトランスフォーメーション・構造改革推進部担当
,取締役,,代表取締役副社長執行役員副社長
,取締役(常勤監査等委員),,取締役常務執行役員経営推進本部長
,取締役会長(代表取締役),,取締役執行役員コーポレートコミュニケーション本部長
,取締役社長(代表取締役),,取締役執行役員財務経理本部長
,常務取締役営業本部長兼中部本部長,,取締役常務執行役員ライフ&サポート事業本部長
,取締役管理本部長兼経営企画部長,,取締役常務執行役員商品開発研究所長
,取締役,,取締役執行役員モビリティ&サービス事業本部長
,代表取締役社長,,取締役執行役員経理本部長
,取締役管理本部長(兼)総務部長・東京支社総務部長関係会社担当,,取締役上席執行役員名古屋支店長
,取締役営業本部長(兼)開発本部管掌,,取締役上席執行役員企画管理本部長
,取締役,,取締役上席執行役員横浜支店長
,取締役,,取締役副社長副社長執行役員
,代表取締役会長,,取締役専務執行役員本部長
,代表取締役社長社長執行役員,,取締役上席執行役員企画、IT企画、先進技術・事業連携担当
,常務取締役常務執行役員総務本部長法務室長,,取締役兼専務執行役員兼グローバルSED統括
,取締役執行役員海外営業本部長,,取締役兼専務執行役員管理本部長兼グローバル事業管理担当
,取締役執行役員マーケティング本部長グローバル戦略室長,,代表取締役副社長最高執行責任者(COO)営業本部長
,代表取締役社長,,取締役専務執行役員製造本部長
,代表取締役副社長,,代表取締役社長兼営業本部管掌
,取締役常務執行役員事業部門・営業部門担当,,常務取締役経営管理本部長、内部監査室・東京事務所管掌
,取締役執行役員管理部門担当,,取締役資源対策本部長
,取締役,,取締役生産本部長、高板・特殊用紙特命担当、開発本部管掌
,代表取締役/社長執行役員,,取締役(常任監査等委員)
,取締役/常務執行役員機能材料カンパニー長,,代表取締役専務取締役技術・生産管掌兼環境担当兼保安担当兼プロジェクト担当
,取締役/常務執行役員化成品カンパニー長/営業統括本部副部長,,常務取締役KIZUNA推進担当兼管理本部長
,取締役,,取締役安全担当
,取締役,,取締役品質担当兼研究所長兼研究開発本部長
,取締役会長(代表取締役),,取締役常務執行役員経営管理担当
,取締役社長(代表取締役)社長執行役員,,取締役常務執行役員輸送機器担当
,取締役専務執行役員,,取締役経営企画本部長
,取締役常務執行役員技術担当,,取締役営業部門担当兼マーケティング本部長
,取締役常務執行役員生産本部長,,取締役管理本部長兼社長室長
,代表取締役社長CEO,,取締役製造本部長兼製造管理部長兼技術本部管掌
,代表取締役副社長執行役員社長補佐、情報システム担当、安全推進・品質保証・航空機整備事業管掌、CIO,,取締役首都圏法人営業統括兼東京法人支店長
,取締役専務執行役員人事総務・広報担当、CCO,,取締役常務執行役員コーポレート本部、研究開発センターおよびニューガラスカンパニー管掌
,取締役専務執行役員航空機内装品・機器事業本部長,,取締役執行役員ガラスびんカンパニー社長
,取締役常務執行役員IR担当、CFO,,代表取締役副社長管理本部本部長
,代表取締役社長中之島ホテルプロジェクト委員長,,常務取締役営業本部本部長
,代表取締役専務執行役員財務部・人事部・リーガグラン京都・リーガロイヤルホテル京都担当(兼)財務内部統制委員長(兼)サステナビリティ委員会副委員長,,常務取締役開発本部本部長
,取締役常務執行役員品質管理部・購買部・総務部・監査部担当(兼)コンプライアンス委員長(兼)リスク管理委員長(兼)食品安全衛生委員長(兼)サステナビリティ委員会副委員長,,常務取締役管理本部副本部長
,取締役執行役員セールス統括部・ホテル製品事業部・マーケティング部・ITシステム部担当(兼)経営企画部副担当,,代表取締役取締役会議長
,取締役執行役員リーガロイヤルホテル(大阪)総支配人,,常務取締役グローバルマーケティング担当
,代表取締役会長,,取締役事業開発本部長モノづくり統括本部長
,代表取締役社長,,取締役環境テスト機器本部長国際事業本部長福知山工場長
,常務取締役業務本部長,,取締役テストコンサルティング本部長宇都宮テクノコンプレックス事業所長
,取締役外販事業本部長,,代表取締役社長研究開発本部長
,取締役事業開発推進管掌(商品担当),,取締役副社長富山工場長
,取締役会長会長執行役員,,取締役常務執行役員SCM部長
,代表取締役社長社長執行役員,,取締役開発戦略本部長知的財産部長
,代表取締役専務執行役員,,代表取締役社長社長役員全般内部監査部担当経営企画部担当欧州地域統括担当
,取締役常務執行役員,,取締役専務役員管理本部本部長河西工業ジャパン㈱代表取締役社長
,取締役常務執行役員,,取締役専務役員中国地域統括担当広州河西汽車内飾件有限公司董事長・総経理開封河西汽車飾件有限公司総経理
,取締役会長,,専務取締役社長室長兼経営企画室長
,代表取締役社長執行役員,,取締役経営管理本部長兼経営管理部長
,取締役副社長執行役員営業、情報システム、APLL統括,,取締役副社長執行役員押出事業部門管掌、経営企画本部管掌
,取締役常務執行役員経営企画、総務統括,,取締役専務執行役員ビーズ事業部門管掌、グローバル事業本部管掌
,取締役常務執行役員人事、財務経理、監査統括,,取締役常務執行役員新事業開発本部長兼事業戦略室長
,代表取締役会長,,代表取締役会長最高経営責任者(CEO)
,代表取締役社長,,代表取締役社長最高執行責任者(COO)
,専務取締役管理本部長財務部長しごとチェンジ推進室担当,,取締役グローバル商品本部本部長兼グローバル販売事業推進室室長海外販売事業管掌
,常務取締役生産本部長情報システム室担当,,専務取締役執行役員生産技術本部長堺事業所長
,常務取締役営業本部長営業企画室長,,常務取締役執行役員経営戦略本部長
,代表取締役会長,,取締役執行役員研究開発本部長生産技術副本部長
,代表取締役社長,,取締役執行役員経営戦略副本部長経理部長
,取締役,,専務取締役営業本部長兼店舗運営部長
,取締役,,常務取締役財務経理部長兼経営企画部長
,取締役,,取締役管理本部長兼経営企画室長兼業務統括部長
,代表取締役社長CEOグループ代表,,取締役営業本部長兼広域営業統括兼サンプラザ営業部長
,取締役専務執行役員COO経営企画室長兼店舗開発部長,,取締役中日本西部統括
,取締役専務執行役員CFO管理本部長,,取締役西日本統括
,取締役執行役員商品事業本部長,,取締役常務執行役員(土木事業本部長)
,取締役執行役員管理本部副本部長兼財務部長兼人事担当,,取締役常務執行役員(地盤事業本部長)
,代表取締役社長執行役員社長,,取締役常務執行役員東京本店長兼東京本店NTT本部長兼安全品質管理本部長
,代表取締役執行役員副社長生産技術本部長兼安全環境品質担当,,取締役常務執行役員東京本店都市設備本部長
,取締役会長,,取締役常務執行役員調達戦略本部長兼エンジニアリングサービス統括本部長
,取締役社長(代表取締役),,代表取締役社長マーケティング戦略室長
,取締役専務執行役員(代表取締役),,常務取締役ものづくり改革IT戦略室長
,取締役専務執行役員(代表取締役),,常務取締役事業戦略室長
,取締役専務執行役員,,取締役兼常務執行役員建設機材事業部担当兼仮設リース事業部担当兼生産本部担当
,代表取締役社長執行役員,,取締役兼常務執行役員住宅機器事業部担当
,取締役専務執行役員研究開発部門統轄、品質保証部担当,,取締役兼常務執行役員経理本部長兼海外建材事業部長
,取締役専務執行役員営業部門統括、営業企画部・海外事業部・ソリューション営業部・飼料畜産部・穀物原料部担当,,常務取締役与信管理部長
,取締役常務執行役員管理部門統轄,,取締役専務執行役員経営企画、総務、経理、内部統制、電力事業、合金鉄の海外戦略、大阪営業所に関する事項管掌
,取締役常務執行役員ミックス・パスタ事業統括室・油脂部・食品部・支店担当,,代表執行役社長
,取締役会長,,代表執行役専務
,代表取締役社長,,代表執行役
,社外取締役,,取締役社長
,社外取締役,,取締役頭取執行役員
,取締役常務執行役員国内営業部門担当,,取締役副頭取執行役員
,代表取締役社長,,執行専務
,代表取締役,,執行役常務
,取締役,,執行役員
,取締役,,常務執行役員
,取締役,,常任監査役
,(代表取締役)取締役頭取,,監査役
,(代表取締役)取締役副頭取,,上席執行役員
,取締役専務執行役員東京支店長,,社長
,取締役専務執行役員,,社長執行役員
,取締役,,副社長
,代表取締役会長,,副社長執行役員
,代表取締役社長,,CEO
,取締役副社長執行役員オセアニア事業本部長海外事業統括,,CTO
,取締役副社長執行役員技術本部長水素・CCUS事業開発室担当、HSE及びコンプライアンス担当,,CFO
,取締役専務執行役員グローバルエネルギー営業本部長,,COO
,代表取締役社長,,CMO
,代表取締役副社長執行役員事業統括本部長,,CIO
,取締役常務執行役員企画本部長兼SCM本部長,,CHRO
,取締役執行役員アセアンエリア長兼サイアムフコク㈱取締役会長,,CSO
,取締役執行役員営業本部長,,CAO
,代表取締役社長執行役員社長,,CLO
,代表取締役執行役員副社長,,CCO
,取締役執行役員副社長,,CPO
,取締役専務執行役員建築事業本部長,,CKO
,取締役専務執行役員土木事業本部長,,CDO
,代表取締役社長執行役員,,CHO
,取締役執行役員管理担当(社長室・総務・人事・経営監査・情報システム)兼財務経理部長,,
,取締役(監査等委員),,
,取締役(監査等委員),,
,取締役(監査等委員),,
,代表取締役会長,,
,代表取締役社長,,
,常務取締役,,
,常務取締役CIO,,
,常務取締役,,
,代表取締役社長,,
,取締役専務執行役員営業部門担当兼国内営業本部長,,
,取締役常務執行役員エンジニアリング事業部、安全衛生部担当,,
,取締役常務執行役員管理部門、情報システム部、経営企画部、国内関係会社担当,,
,取締役常務執行役員生産部門、技術研究所、技術部担当,,
,代表取締役社長コンプライアンス管掌,,
,代表取締役副社長責任役員超品質・サプライチェーン・BSマネジメント担当,,
,取締役副社長CSR・ESG・ビジネス創造担当,,
,取締役専務利益・資産管理担当,,
,取締役,,
,代表取締役社長社長執行役員,,
,取締役,,
,取締役専務執行役員事業管理本部長コンプライアンスオフィサーコーポレート部長,,
,取締役常務執行役員技術本部長,,
,取締役,,
,代表取締役会長CEO最高経営責任者,,
,代表取締役社長COO最高執行責任者,,
,取締役副社長営業統轄,,
,取締役専務執行役員関東統轄、東京支社長,,
,取締役専務執行役員木材住資担当、通信保険部長,,
,代表取締役社長,,
,取締役専務執行役員環境資材事業本部長,,
,取締役専務執行役員建築資材事業本部長,,
,取締役,,
,取締役,,
,代表取締役会長兼社長,,
,代表取締役副社長,,
,専務取締役,,
,専務取締役,,
,専務取締役,,
,代表取締役会長,,
,代表取締役社長,,
,専務取締役経営企画・総務人事・経理担当、海外事業担当、経理本部長,,
,専務取締役洋菓子事業本部担当、菓子事業本部担当、購買担当,,
,取締役相談役,,
,代表取締役社長執行役員社長,,
,社外取締役,,
,社外取締役,,
,社外取締役,,
,取締役,,
,代表取締役社長,,
,常務取締役総務部長コンプライアンス担当リスク統括担当,,
,常務取締役経営企画部長,,
,取締役財務部長,,
,取締役,,
,代表取締役社長営業統括本部長,,
,取締役会長,,
,常務取締役経営企画室長,,
,常務取締役営業本部長兼営業推進室長,,
,取締役管理本部長,,
,取締役会長,,
,取締役兼代表執行役社長事業開発・DX担当統括,,
,取締役兼執行役DX企画部門担当統括兼IT企画部担当兼グループ戦略部(システム改革)担当,,
,取締役監査委員会委員,,
,社外取締役指名委員会委員長報酬委員会委員長,,
,代表取締役会長店舗・立地開発担当,,
,代表取締役社長,,
,代表取締役専務執行役員グローバルマーケティング・営業統括新業態開発担当,,
,取締役常務執行役員FC事業担当M&A担当,,
,取締役常務執行役員財務・成長戦略担当,,
,代表取締役取締役会長,,
,代表取締役取締役社長社長執行役員コンプライアンス統括役員(CCO),,
,取締役専務執行役員有機化学事業管掌兼バイオサイエンス事業本部長,,
,取締役常務執行役員財務本部長,,
,取締役常務執行役員無機化学営業本部長,,
,取締役会長,,
,取締役頭取,,
,専務取締役,,
,常務取締役,,
,常務取締役,,
,代表取締役社長社長執行役員,,
,取締役専務執行役員軌道本部長,,
,取締役常務執行役員建築本部長,,
,取締役常務執行役員土木本部長新幹線大規模改修本部長ISOトップマネジメント担当,,
,取締役常務執行役員管理本部長総務部長人事部長,,
,代表取締役社長最高経営責任者,,
,代表取締役専務執行役員CTO(最高技術責任者)欧州地域CEO,,
,取締役常務執行役員CFO(最高財務責任者)グローバルIT戦略担当,,
,取締役,,
,取締役,,
,代表取締役社長執行役員社長(経営全般),,
,常務取締役常務執行役員事業推進本部長(空間情報技術センター管掌),,
,常務取締役常務執行役員経営本部長(コーポレート統括部管掌、労務、リスク管理担当)最高財務責任者(CFO),,
,常務取締役常務執行役員事業推進本部副本部長経営本部副本部長社会インフラマネジメント事業部長(中期経営計画推進担当),,
,取締役執行役員事業推進本部副本部長(営業統括部管掌、海外事業、グループ会社担当),,
,代表取締役社長,,
,代表取締役専務営業本部長,,
,常務取締役管理本部長兼コンプライアンス担当,,
,取締役営業本部副本部長兼商品統括部長兼商品SV部長,,
,取締役経営企画統括部長兼広報部長,,
,取締役会長代表取締役CEO,,
,取締役社長代表取締役COO,,
,取締役常務執行役員CFO(兼)財務本部長,,
,取締役,,
,取締役,,
,代表取締役社長,,
,取締役副社長営業担当兼経営企画室管掌,,
,専務取締役開発部管掌,,
,専務取締役管理本部長兼総務部長,,
,専務取締役商品ライン本部長兼商品統括部長兼販売企画部管掌,,
,代表取締役社長社長執行役員,,
,代表取締役副社長副社長執行役員事務本部長,,
,取締役常務執行役員事業部統轄本部長,,
,取締役常務執行役員サービス開発本部長,,
,取締役常務執行役員情報企画本部長,,
,代表取締役社長IT機能統括担当,,
,取締役副社長(代表取締役)経営管理機能統括担当,,
,専務取締役技術・品質機能統括担当,,
,専務取締役営業機能統括担当調達機能統括担当生産管理機能統括担当,,
,取締役,,
,代表取締役社長,,
,常務取締役二輪事業統括兼アセアン事業統括兼南米事業統括兼リスクマネジメントオフィサー兼レース担当,,
,常務取締役四輪事業統括兼積層金型技術開発担当,,
,取締役常勤監査等委員,,
,取締役監査等委員,,
,代表取締役社長,,
,代表取締役専務取締役,,
,取締役,,
,取締役,,
,取締役内部管理統括責任者、監理本部長,,
,取締役会長(代表取締役),,
,取締役社長(代表取締役),,
,取締役専務執行役員商品・調達・富山地区関係会社担当,,
,取締役専務執行役員海外担当,,
,取締役,,
,取締役社長(代表取締役)社長執行役員全般統理,,
,取締役副社長(代表取締役)副社長執行役員社長補佐・土木本部長・海外事業担当兼国内関係会社担当,,
,取締役(代表取締役)専務執行役員建築本部長,,
,取締役常務執行役員管理本部長,,
,取締役常務執行役員技術本部長・安全品質環境担当,,
,代表取締役会長兼社長,,
,代表取締役副社長経営企画室長,,
,専務取締役安全環境品質管理室長,,
,専務取締役技術本部長,,
,取締役,,
,取締役会長,,
,代表取締役社長兼最高経営責任者(CEO),,
,取締役兼常務執行役員営業統括本部統括本部長兼DPS事業推進本部長,,
,取締役兼常務執行役員経営企画室長兼人事総務本部管掌,,
,取締役兼執行役員管理本部長兼KNT事業推進プロジェクトリーダー,,
,代表取締役社長執行役員,,
,代表取締役専務執行役員営業本部長(都市ガスグループ管掌),,
,代表取締役専務執行役員コーポレート本部長,,
,取締役,,
,取締役,,
,代表取締役会長執行役員,,
,代表取締役社長執行役員,,
,取締役専務執行役員経営管理統括本部長,,
,取締役常務執行役員営業統括本部長兼東京営業本部長,,
,取締役常務執行役員経営企画開発統括本部長兼研究開発本部長,,
,代表取締役会長,,
,代表取締役社長経営企画担当,,
,取締役常務執行役員営業本部長,,
,取締役常務執行役員技術本部長,,
,取締役上席執行役員首都圏事業本部長,,
,取締役会長,,
,代表取締役社長執行役員社長,,
,代表取締役専務執行役員,,
,取締役常務執行役員営業本部長,,
,取締役,,
,代表取締役社長執行役員オートバックスチェン本部長,,
,取締役専務執行役員オートバックス事業企画・営業統括兼社長室・事業企画担当,,
,取締役専務執行役員商品・サービス統括兼カー用品担当,,
,取締役専務執行役員関東事業部長,,
,取締役,,
,取締役会長(代表取締役),,
,取締役頭取(執行役員兼務)(代表取締役),,
,取締役専務執行役員(代表取締役),,
,取締役常務執行役員,,
,取締役執行役員,,
,代表取締役社長,,
,専務取締役営業企画部長兼商品部門担当,,
,専務取締役経営戦略室長兼営業戦略部長兼経営企画室長兼店舗開発部長,,
,専務取締役企業戦略室長兼関西物流RMセンター準備室事務長兼管理部門担当,,
,常務取締役社長室長兼ブルーオーシャン商品開発部長,,
,代表取締役社長社長執行役員兼経営企画戦略本部長,,
,取締役専務執行役員管理本部長,,
,取締役常務執行役員プローブカード事業部長,,
,取締役プローブカード事業部青森統括部長,,
,"取締役MEKCo.,Ltd.代表理事",,
,代表取締役会長,,
,代表取締役社長社長執行役員,,
,取締役常務執行役員海外事業部長,,
,取締役常務執行役員管理本部長,,
,取締役常務執行役員特装事業部長,,
,代表取締役社長執行役員,,
,代表取締役専務執行役員,,
,取締役専務執行役員,,
,取締役専務執行役員,,
,取締役(非常勤),,
,代表取締役社長執行役員,,
,取締役専務執行役員,,
,取締役上席執行役員コア事業本部長兼マーケティング推進部長,,
,取締役上席執行役員人財コーポレート本部長,,
,社外取締役,,
,取締役会長,,
,代表取締役社長社長執行役員,,
,取締役常務執行役員企画管理本部長,,
,取締役常務執行役員軸受事業部長,,
,取締役常務執行役員免制震事業部長,,
,代表取締役取締役社長,,
,代表取締役常務執行役員管理部門管掌総務・人事・経理担当、監理担当代行,,
,取締役常務執行役員戦略部門管掌経営企画室長環境・品質担当、新事業推進担当代行,,
,取締役常務執行役員DX戦略推進室長,,
,取締役,,
,代表取締役社長海外事業推進担当,,
,代表取締役専務取締役経営管理部門統括地域・グループ担当輸出管理委員会委員長倫理・コンプライアンス委員会委員長内部統制委員会委員長,,
,専務取締役営業部門統括住環境マーケット事業本部長,,
,常務取締役工業マーケット事業本部長,,
,取締役建設マーケット事業本部長,,
,取締役社長(代表取締役),,
,取締役専務執行役員人事・総務グループ統括,,
,取締役常務執行役員教育施設事業部長兼広域地域事業部長,,
,取締役常務執行役員教育ICT事業部長,,
,取締役上席執行役員財務・経理グループ統括兼グループ経営推進部長,,
,代表取締役社長CEO,,
,取締役兼専務執行役員CSO兼CFO金融カンパニー準備室責任者,,
,取締役兼常務執行役員CMO(Global)アジアカンパニーバイスプレジデント,,
,取締役兼常務執行役員GMSカンパニープレジデント,,
,取締役兼常務執行役員ドン・キホーテ西カンパニープレジデント,,
,代表取締役会長,,
,代表取締役社長住宅統轄本部長,,
,常務取締役管理統轄本部長,,
,取締役日本ハウス事業部長,,
,取締役J・エポックホーム事業部長,,
,代表取締役社長,,
,常務取締役電力カンパニー社長,,
,常務取締役モータカンパニー社長,,
,取締役モータカンパニー副カンパニー長兼応用機器部長,,
,取締役電力カンパニー副カンパニー長兼制御機器部長,,
,取締役社長代表取締役社長執行役員,,
,取締役専務執行役員,,
,取締役常務執行役員機能商品本部長,,
,取締役常務執行役員プラント本部長兼エレクトロニクス事業部長,,
,取締役常務執行役員技術開発本部長兼開発センター長,,
,代表取締役社長社長執行役員,,
,取締役副社長副社長執行役員社長執行役員補佐兼経営企画室長,,
,取締役専務執行役員総務部長兼TRM委員長兼人事部・法務部管掌,,
,取締役上席執行役員金属・環境営業本部長兼営業第一部長兼営業第三部長,,
,取締役上席執行役員金属・環境海外本部長,,
,代表取締役取締役社長,,
,代表取締役取締役副社長,,
,取締役常務執行役員,,
,取締役常務執行役員,,
,取締役常務執行役員,,
,代表取締役会長,,
,代表取締役社長,,
,取締役常務執行役員営業本部長,,
,取締役常務執行役員業務本部長兼DX本部長兼DX本部情報システム部長,,
,取締役,,
,代表取締役会長,,
,代表取締役副会長,,
,代表取締役社長,,
,取締役常務執行役員情報電子事業本部長,,
,取締役常務執行役員ライフサイエンス事業本部長兼事業企画部長,,
,代表取締役社長,,
,専務取締役営業本部長兼グループ営業担当,,
,常務取締役営業本部副本部長東日本担当,,
,常務取締役営業本部副本部長兼広域流通担当兼ブランド事業・海外事業担当,,
,常務取締役南近畿支社長,,
,代表取締役会長,,
,代表取締役社長,,
,取締役副社長産商事業担当兼エンジニアリング事業担当,,
,専務取締役管理本部担当,,
,常務取締役半導体事業担当兼半導体事業部長,,
,代表取締役社長執行役員,,
,取締役専務執行役員グローバル事業本部担当,,
,取締役専務執行役員事業本部担当,,
,取締役常務執行役員CTO研究開発本部長,,
,取締役常務執行役員調達本部長兼品質管理担当,,
,代表取締役社長兼社長執行役員,,
,代表取締役兼専務執行役員コーポレートセンター管掌,,
,取締役兼常務執行役員ニッタ・ムアー事業部兼テクニカルセンター管掌,,
,取締役兼執行役員テクニカルセンター長,,
,取締役兼執行役員関連会社担当,,
,代表取締役社長社長執行役員,,
,取締役コンプライアンス・法務・環境担当,,
,取締役,,
,取締役,,
,取締役,,
,取締役会長(代表取締役),,
,取締役社長執行役員(代表取締役),,
,取締役執行役員経営企画室長,,
,取締役,,
,取締役,,
,代表取締役会長,,
,代表取締役社長執行役員,,
,取締役常務執行役員コーポレートセンター担当兼CSR・ESG担当,,
,取締役執行役員合成樹脂事業部長兼RDセンター担当,,
,取締役執行役員新規材料事業部長,,
,代表取締役社長,,
,常務取締役,,
,常務取締役,,
,常務取締役,,
,取締役,,
,代表取締役社長,,
,取締役副社長(リスク管理委員会委員長),,
,専務取締役(管理本部長),,
,取締役,,
,取締役,,
,代表取締役社長,,
,取締役副社長光学開発本部、基礎開発本部及び研究開発センター担当,,
,取締役副社長生産部門(青森工場、中国工場、ベトナム工場)及び技術開発本部担当,,
,専務取締役特機事業本部及びコンプライアンス担当,,
,専務取締役管理本部、内部統制及びリスクマネジメント担当,,
,代表取締役社長,,
,取締役管理・内部統制・コンプライアンス担当管理本部長,,
,取締役,,
,取締役,,
,取締役,,
,代表取締役会長CEO,,
,代表取締役副会長,,
,代表取締役社長COO,,
,専務取締役営業統括本部長,,
,専務取締役管理本部長,,
,代表取締役社長執行役員社長,,
,取締役常務執行役員新潟支店長,,
,取締役常務執行役員鉄道営業推進本部長,,
,取締役常務執行役員土木本部長,,
,取締役常務執行役員安全本部長,,
,代表取締役会長,,
,代表取締役社長,,
,代表取締役副社長社長補佐兼グループ新造船事業統轄兼船舶海洋事業部長,,
,取締役専務執行役員生産業務本管掌兼伊万里事業所長兼ISO総括,,
,取締役専務執行役員船舶海洋事業部副事業部長兼営業本部長,,
,代表取締役執行役員社長,,
,代表取締役執行役員副社長土木本部長,,
,取締役常務執行役員管理本部長,,
,取締役常務執行役員建築本部長,,
,取締役,,
,取締役会長,,
,取締役,,
,取締役,,
,取締役,,
,取締役,,
,代表取締役会長,,
,代表取締役社長,,
,取締役ビジネスソリューション本部長,,
,取締役財務部長,,
,取締役,,
,代表取締役会長,,
,代表取締役社長,,
,取締役専務執行役員営業担当(電力営業),,
,取締役専務執行役員営業担当(溶接・接合、FAロボット),,
,取締役常務執行役員営業担当(産業用電力機器)、EMS事業部担当,,
,代表取締役社長社長執行役員,,
,取締役専務執行役員,,
,取締役専務執行役員,,
,取締役常務執行役員,,
,取締役,,
,代表取締役社長執行役員安全統括本部長,,
,取締役,,
,取締役常務執行役員フレグランス・アロマイングリディエンツ事業本部、米州地域担当(TakasagoInternationalCorporation(U.S.A.)駐在),,
,取締役常務執行役員コーポレート本部長兼安全統括副本部長兼国際品質保証統括部長、情報システム部、品質保証部担当,,
,取締役常務執行役員フレーバー事業本部長兼フレーバー営業部長、支店担当,,
,取締役会長,,
,代表取締役社長,,
,常務取締役品質本部長,,
,常務取締役管理本部長兼経理部長,,
,取締役経営企画本部長兼GCR推進室長,,
,代表取締役会長(C.E.O.),,
,代表取締役社長社長執行役員(C.O.O.),,
,代表取締役副社長執行役員製粉事業部門管掌,,
,取締役専務執行役員食品事業部門管掌商品開発委員会委員長,,
,取締役専務執行役員管理部門管掌、IT管掌、CSR管掌,,
,代表取締役社長社長執行役員,,
,代表取締役専務執行役員,,
,取締役常務執行役員,,
,取締役常務執行役員,,
,取締役常務執行役員,,
,取締役社長(代表取締役)社長執行役員,,
,常務取締役常務執行役員(営業本部長),,
,取締役常務執行役員(総務部長),,
,取締役監査等委員(常勤),,
,取締役監査等委員,,
,代表取締役社長,,
,取締役専務デザインセンター長デザイン担当,,
,取締役常務経営企画、経営管理、グループ全般担当,,
,取締役常務商業その他施設事業担当,,
,取締役文化施設事業担当,,
,代表取締役社長社長執行役員リスク管理委員会委員長兼経営情報室兼内部監査部統括,,
,代表取締役会長,,
,代表取締役専務執行役員経営企画本部長,,
,取締役専務執行役員コンプライアンス委員会委員長兼営業本部長兼管理本部長兼保証事業本部長兼与信ガバナンス部兼リスク統括部統括,,
,取締役専務執行役員経理部兼総務部兼人事部統括,,
,代表取締役社長,,
,代表取締役常務営業本部長,,
,常務取締役グループ会社統括本部長,,
,取締役営業本部副本部長兼海外営業部長,,
,取締役技術本部長兼千葉工場長,,
,代表取締役取締役社長,,
,専務取締役生産部門・法務室・製品開発センター・技術センター担当,,
,常務取締役生産部門副担当岐阜製作所長,,
,常務取締役営業部門・人事総務部・営業技術部担当、事業開発部・製品開発センター副担当,,
,常務取締役経営企画部・経理部・情報システム部・物流業務部・秘書室・DX推進担当、事業開発部副担当輸出管理室長,,
,代表取締役会長,,
,代表取締役社長兼営業本部長,,
,専務取締役開発本部長,,
,常務取締役品質保証本部長兼検査管理部長,,
,常務取締役営業企画部長,,
,代表取締役会長,,
,代表取締役社長,,
,取締役,,
,取締役,,
,取締役,,
,代表取締役会長兼社長,,
,取締役専務執行役員営業本部長,,
,取締役専務執行役員経営管理本部長兼経営企画部長,,
,取締役専務執行役員商品流通本部長,,
,取締役営業副本部長,,
,代表取締役会長経営全般総攬CSR・全社品質推進担当CSR推進本部長,,
,代表取締役社長経営全般執行電子化学実装関連事業担当事業改革推進室長,,
,取締役常務執行役員ユニット関連事業担当本社部門統括経営管理・情報セキュリティ担当経営管理本部長事業改革推進室副室長,,
,取締役,,
,取締役,,
,代表取締役取締役社長,,
,取締役経営企画部、経理部、事業企画部担当、技術開発部門、製造部門統括,,
,取締役総務部、営業部門、関係会社統括,,
,取締役(監査等委員),,
,取締役(監査等委員),,
,代表取締役会長CEO,,
,代表取締役社長COO,,
,取締役,,
,取締役,,
,取締役,,
,代表取締役社長,,
,取締役,,
,取締役,,
,取締役,,
,取締役,,
,代表取締役社長社長執行役員,,
,取締役専務執行役員営業本部長,,
,取締役常務執行役員社長室管掌,,
,取締役,,
,取締役,,
,取締役会長,,
,代表取締役社長,,
,代表取締役副社長人事総務・経理・情報管掌兼調達管掌兼原価企画管掌兼医療機器事業管掌兼内部統制管掌兼技術開発管掌兼海外事業管掌,,
,取締役,,
,取締役,,
,代表取締役社長,,
,代表取締役副社長経営企画室管理本部開発生産本部不整脈事業本部CVG事業本部薬事統括本部宣伝企画部管掌,,
,常務取締役開発生産本部長,,
,常務取締役不整脈事業本部長,,
,常務取締役管理本部長経営企画室管掌,,
,代表取締役兼社長執行役員,,
,代表取締役本社(人事総務本部・企画本部)管掌,,
,取締役人事総務本部管掌,,
,取締役企画本部管掌,,
,取締役,,
,代表取締役社長,,
,代表取締役,,
,取締役,,
,取締役,,
,取締役,,
,代表取締役(執行役員社長),,
,取締役(常務執行役員)事業本部長,,
,取締役(常務執行役員)永大小名浜㈱、関東住設産業㈱担当,,
,取締役(上席執行役員)営業本部長,,
,取締役(執行役員)事業本部海外事業部長,,
,代表取締役社長,,
,取締役兼専務執行役員コーポレート部門統括,,
,取締役兼常務執行役員工場長兼磁性部品・環境安全・ISO推進室担当,,
,取締役兼常務執行役員販売部門統括兼CSR室長,,
,取締役,,
,取締役取締役会長取締役会議長指名委員報酬委員,,
,取締役,,
,取締役,,
,取締役,,
,取締役指名委員報酬委員監査委員,,
,代表取締役社長,,
,取締役常務執行役員産業機器事業本部長,,
,取締役常務執行役員自動車事業本部長兼自動車営業統括部長,,
,取締役上席執行役員コーポレート本部長,,
,取締役上席執行役員戦略企画本部長,,
,代表取締役会長,,
,代表取締役社長,,
,常務取締役繊維板事業部長,,
,常務取締役建材事業部長,,
,常務取締役国産材活用事業部長,,
,代表取締役社長社長執行役員監査室担当,,
,取締役専務執行役員品質保証本部長生産システム本部長,,
,取締役常務執行役員経理部担当経営戦略部担当,,
,取締役上席執行役員営業本部長,,
,取締役,,
,代表取締役社長執行役員社長,,
,代表取締役専務執行役員建設事業本部長,,
,取締役常務執行役員製品事業本部長,,
,取締役常務執行役員管理本部長,,
,取締役,,
,取締役会長(代表取締役),,
,取締役社長(代表取締役),,
,常務取締役,,
,取締役,,
,取締役製造本部長,,
,代表取締役会長,,
,代表取締役社長執行役員営業統括本部長,,
,取締役専務執行役員営業統括本部副本部長,,
,取締役専務執行役員営業統括本部副本部長,,
,取締役常務執行役員,,
,代表取締役社長,,
,専務取締役,,
,常務取締役開発本部長,,
,常務取締役,,
,常務取締役技術本部長,,
,取締役会長,,
,代表取締役取締役社長,,
,代表取締役,,
,取締役,,
,取締役,,
,取締役会長,,
,代表取締役社長最高経営責任者,,
,代表取締役専務執行役員最高財務責任者,,
,取締役専務執行役員,,
,取締役常務執行役員,,
,取締役会長,,
,代表取締役社長,,
,取締役常務執行役員営業本部長兼グループ経営戦略室長,,
,取締役常務執行役員計装事業統括部長,,
,取締役常務執行役員空調事業統括部長兼東京空調事業部長,,
,代表取締役社長,,
,取締役執行役員,,
,取締役執行役員,,
,取締役(監査等委員),,
,取締役(常勤監査等委員),,
,取締役会長(代表取締役),,
,取締役社長(代表取締役),,
,取締役常務執行役員生産本部長生産管理部長,,
,取締役常務執行役員営業本部長,,
,取締役執行役員技術開発本部長,,
,代表取締役会長,,
,代表取締役社長法務・コンプライアンス室担当,,
,常務取締役管理部門統括輸出管理室長,,
,取締役共和電機工業株式会社担当,,
,取締役製造部門統括品質保証部門担当,,
,取締役会長,,
,取締役,,
,取締役,,
,取締役,,
,取締役,,
,代表取締役社長社長執行役員,,
,取締役専務執行役員ビジネス統轄本部長,,
,取締役常務執行役員管理本部長,,
,取締役(常勤監査等委員),,
,取締役(監査等委員),,
,代表取締役取締役社長社長執行役員,,
,常務取締役常務執行役員,,
,常務取締役常務執行役員,,
,常務取締役常務執行役員,,
,代表取締役常務取締役常務執行役員,,
,代表取締役会長,,
,代表取締役副会長事業統轄本部長,,
,代表取締役社長社長役員,,
,取締役専務役員総合支援本部長,,
,取締役,,
,代表取締役社長,,
,専務取締役,,
,専務取締役品質保証本部長,,
,常務取締役経営企画本部長兼経理部長,,
,取締役管理本部長,,
,代表取締役社長,,
,専務取締役本社部門管掌,,
,取締役開発・電子デバイス関連部門管掌,,
,取締役生産器材部門管掌,,
,取締役,,
,代表取締役社長CEO,,
,代表取締役副社長管理本部長兼CFO,,
,専務取締役営業統括本部長兼レストラン事業本部長兼海外事業本部長兼いきなり!ステーキ事業本部長兼購買部長,,
,常務取締役開発本部長,,
,常務取締役総務本部長,,
,代表取締役会長兼CEO,,
,代表取締役社長兼COO,,
,取締役マーケティング本部長,,
,取締役ウエルネス事業本部長,,
,取締役直営店本部長,,
,取締役社長(代表取締役),,
,専務取締役営業本部本部長兼東日本営業統括部統括マネージャー,,
,専務取締役生産本部本部長,,
,専務取締役経理財務本部本部長兼経営企画室管掌兼秘書室東京本社管掌,,
,専務取締役SCM本部本部長兼情報システム部管掌,,
,代表取締役社長CEO,,
,代表取締役副社長COO半導体社カンパニー長,,
,代表取締役CFO業務会社カンパニー長,,
,取締役半導体社執行役員専務,,
,取締役半導体社執行役員常務,,
,代表取締役社長,,
,代表取締役専務管理部門(総務・法務)品質保証部門事業戦略部門担当,,
,取締役食品事業部門(販売・開発)ヘルスケア事業部門担当,,
,取締役化成品事業部門担当化成品事業部長,,
,取締役管理部門(経理・システム)経営戦略部門担当,,
,代表取締役社長,,
,専務取締役技術本部長,,
,取締役製作本部長,,
,取締役営業本部長,,
,取締役管理本部長,,
,代表取締役会長最高経営責任者,,
,代表取締役社長最高執行責任者,,
,取締役管理本部長,,
,取締役技術本部長兼総合技術研究所長,,
,取締役,,
,代表取締役社長社長執行役員,,
,取締役副社長副社長執行役員総務本部長,,
,取締役常務執行役員営業副本部長兼営業本部海外営業担当,,
,取締役常務執行役員営業本部長,,
,取締役上席執行役員本店長,,
,代表取締役社長,,
,専務取締役技術開発本部長,,
,取締役基板統括本部長,,
,取締役経営推進本部長兼総合企画室長,,
,取締役営業統括本部長,,
,代表取締役社長,,
,取締役商品本部長,,
,取締役(常勤監査等委員),,
,取締役(監査等委員),,
,取締役(監査等委員),,
,代表取締役会長,,
,代表取締役社長社長執行役員,,
,代表取締役副社長執行役員社長補佐、海外事業統括本部長、秘書室担当,,
,代表取締役副社長執行役員社長補佐、電力事業本部長,,
,取締役専務執行役員米州・ロシア事業本部長,,
,代表取締役社長最高執行役員社長,,
,代表取締役専務執行役員経営企画室長兼サポート本部長,,
,取締役執行役員総務部長,,
,取締役,,
,取締役(常勤監査等委員),,
,代表取締役社長,,
,代表取締役グローバルセールス統括本部長ECBU/BUGM,,
,取締役コーポレート管理統括本部長,,
,取締役CNBU/BUGM,,
,取締役PBBU/BUGM,,
,代表取締役社長・営業本部長,,
,取締役相談役,,
,取締役管理統括部長・人事総務部長,,
,取締役,,
,取締役,,
,代表取締役社長執行役員安全衛生・環境担当事業開発本部長,,
,取締役常務執行役員設備担当IH事業部長製品技術本部長製品技術本部生産技術開発部長,,
,取締役常務執行役員情報戦略・TQM推進担当製品事業部事業部長調達本部長製品事業部業務部長,,
,取締役執行役員管理本部長,,
,取締役,,
,代表取締役会長,,
,代表取締役社長,,
,取締役専務執行役員(技術開発本部長兼海外管掌),,
,取締役常務執行役員(経営戦略本部長兼経営企画部長兼関連事業部長),,
,取締役常務執行役員(安全環境品質本部長),,
,取締役会長,,
,代表取締役社長,,
,取締役副社長経営管理本部長,,
,専務取締役安全衛生環境本部長,,
,専務取締役技術営業本部長,,
,取締役社長(代表取締役),,
,取締役,,
,取締役,,
,取締役埼玉製作所長光・環境事業部長,,
,取締役照明事業部長,,
,代表取締役会長CEO,,
,代表取締役社長COO,,
,取締役専務執行役員,,
,取締役,,
,取締役,,
,代表取締役執行役員社長,,
,取締役執行役員専務,,
,取締役執行役員常務,,
,取締役,,
,取締役,,
,取締役会長代表取締役,,
,取締役頭取代表取締役,,
,専務取締役,,
,常務取締役,,
,取締役,,
,代表取締役社長,,
,専務取締役営業本部長兼商品本部長,,
,常務取締役店舗運営本部長,,
,常務取締役管理本部長,,
,取締役生鮮商品部長兼デリカ・コンセ担当,,
,代表取締役社長執行役員CEO,,
,代表取締役専務執行役員国内販売担当兼店舗営業本部長,,
,取締役常務執行役員,,
,取締役常務執行役員総合研究所長,,
,取締役常務執行役員シナジー戦略推進室長,,
,代表取締役社長,,
,取締役,,
,取締役,,
,取締役(監査等委員),,
,取締役(監査等委員),,
,代表取締役会長執行役員会長,,
,代表取締役社長執行役員社長,,
,代表取締役副社長執行役員副社長営業本部長、建設企画部長、法人営業担当、タイフクダ担当,,
,取締役執行役員土木部長,,
,取締役執行役員東京本店長,,
,代表取締役社長社長執行役員,,
,取締役副社長執行役員チタン事業統括本部長,,
,取締役専務執行役員経営管理本部長触媒事業部・化学品事業部管掌,,
,取締役常務執行役員技術本部長新規事業推進室管掌,,
,取締役常務執行役員経営管理本部副本部長,,
,代表取締役社長,,
,取締役専務執行役員,,
,取締役執行役員,,
,取締役執行役員,,
,取締役執行役員,,
,代表取締役会長,,
,代表取締役社長社長執行役員経営企画本部長,,
,取締役副社長技術部門担当,,
,取締役副社長環境測定事業担当環境創造研究所長,,
,常務取締役常務執行役員営業本部長環境技術事業担当,,
,代表取締役社長,,
,常務取締役上席執行役員営業本部長,,
,常務取締役上席執行役員生産本部長,,
,取締役上席執行役員営業本部オフィス機器セグメント担当兼事業管理グループ部長、販売統括部長,,
,取締役常勤監査等委員,,
,代表取締役社長,,
,取締役副社長営業本部長兼海外営業・商品購買担当,,
,専務取締役管理本部長,,
,常務取締役近畿・中部・九州事業部担当,,
,常務取締役東関東・南関東・信越・北海道・東北事業部担当,,
,代表取締役社長執行役員,,
,取締役専務執行役員管理本部長兼情報システム担当,,
,取締役常務執行役員事業本部長,,
,取締役執行役員管理本部副本部長兼経営企画・経理・財務・ESG担当,,
,取締役,,
,代表取締役社長執行役員,,
,取締役専務執行役員,,
,取締役常務執行役員,,
,取締役常務執行役員,,
,取締役常務執行役員,,
,取締役社長(代表取締役),,
,取締役副社長営業本部長,,
,専務取締役技術本部長,,
,常務取締役技術本部副本部長兼技術部長,,
,常務取締役製造本部長兼犬山工場長,,
,代表取締役社長社長執行役員,,
,取締役常務執行役員生産本部・監査部・環境安全部担当,,
,取締役執行役員営業本部長,,
,取締役常務執行役員グループ内部統制・管理本部経営管理部担当,,
,取締役執行役員管理本部長,,
,取締役会長(代表取締役),,
,取締役社長(代表取締役),,
,取締役副社長(代表取締役)上席執行役員営業本部本部長,,
,専務取締役上席執行役員生産統括本部本部長,,
,常務取締役上席執行役員コーポレート本部本部長,,
,取締役社長代表取締役,,
,取締役専務執行役員事業本部長,,
,取締役常務執行役員営業本部長,,
,取締役常務執行役員グローバル戦略推進部長,,
,取締役,,
,代表取締役社長,,
,取締役専務執行役員,,
,取締役専務執行役員,,
,取締役常務執行役員,,
,取締役,,
,取締役社長代表取締役,,
,専務取締役製造本部長,,
,専務取締役営業本部長,,
,常務取締役生産市場事業本部長営業本部副本部長,,
,常務取締役コーポレート本部長,,
,代表取締役社長,,
,代表取締役副社長デバイス事業統括本部長,,
,常務取締役メディカル事業統括本部長,,
,取締役新規事業開発本部長兼メディカル事業統括本部ブランドビジネスユニット海外営業・マーケティング統括,,
,取締役基盤技術研究本部長,,
,代表取締役会長,,
,取締役副会長,,
,代表取締役社長執行役員,,
,代表取締役常務執行役員管理全般担当、関係会社担当,,
,取締役執行役員,,
,代表取締役社長兼社長執行役員,,
,取締役兼専務執行役員営業統轄本部長兼事業管理本部長,,
,取締役兼専務執行役員エンジニアリング統轄本部長兼管理センター長,,
,取締役兼常務執行役員国際本部長,,
,取締役兼執行役員経営企画本部長,,
,代表取締役執行役員社長CEO,,
,取締役執行役員副社長COO,,
,社外取締役監査等委員,,
,社外取締役監査等委員,,
,社外取締役監査等委員,,
,取締役社長(代表取締役)社長執行役員,,
,取締役常務執行役員営業本部長,,
,取締役常務執行役員管理本部長兼経営企画部長,,
,取締役,,
,取締役,,
,代表取締役社長最高執行責任者,,
,代表取締役専務執行役員製造本部長,,
,代表取締役専務執行役員,,
,取締役専務執行役員営業本部長,,
,取締役常務執行役員,,
,代表取締役会長兼CEO,,
,代表取締役社長兼COO,,
,取締役副社長経営企画統括部長・法務部・秘書室・ライセンス室担当,,
,常務取締役アジア事業本部長・アジア事業企画部長・アジア事業開発部長・生産物流本部・特販室担当,,
,取締役,,
,取締役会長兼社長(代表取締役)内部監査室担当,,
,取締役副社長(代表取締役)副社長執行役員,,
,取締役技術統括,,
,取締役,,
,取締役(監査等委員),,
,代表取締役社長執行役員,,
,代表取締役副社長執行役員,,
,取締役専務執行役員,,
,取締役,,
,取締役,,
,代表取締役社長,,
,取締役経営企画部・経理部・広報IR室・情報システム部担当,,
,取締役,,
,取締役製品技術本部長、品質保証統括部担当,,
,取締役営業統括本部長兼商品開発本部長、ムーブメント事業部担当,,
,取締役会長,,
,代表取締役社長執行役員,,
,取締役専務執行役員環境・品質部・生産技術本部担当,,
,取締役専務執行役員情報メディア事業担当、営業管理部担当,,
,取締役常務執行役員グループ経営企画本部・情報システム部・経理部担当,,
,代表取締役社長,,
,専務取締役,,
,常務取締役,,
,取締役,,
,取締役,,
,取締役社長(代表取締役),,
,常務取締役製造本部長,,
,常務取締役経営管理本部長,,
,常務取締役マーケティング本部長,,
,取締役購買部長,,
,代表取締役会長執行役員会長,,
,代表取締役社長執行役員社長兼商品開発部長,,
,取締役常務執行役員営業部長,,
,取締役常務執行役員経営企画部長,,
,取締役常務執行役員行田工場長,,
,代表取締役社長土木事業本部長CEO兼COO,,
,取締役関連事業本部長,,
,取締役安全品質環境本部長,,
,取締役経営本部長CFO,,
,取締役建築事業本部長東日本事業部長,,
,代表取締役社長執行役員,,
,取締役会長,,
,取締役常務執行役員,,
,取締役執行役員,,
,取締役執行役員,,
,取締役会長,,
,代表取締役社長,,
,取締役常務執行役員(システム戦略担当)システムコンサルティング事業部長,,
,取締役常務執行役員(ソリューション戦略担当)ソリューション事業部長,,
,取締役常務執行役員(財務・人事戦略担当)管理統括部長,,
,取締役社長(代表取締役),,
,専務取締役,,
,常務取締役営業本部長,,
,取締役,,
,取締役人事教育部長,,
,取締役会長,,
,代表取締役社長執行役員,,
,代表取締役専務執行役員営業部門統括兼東部ブロック長兼中部ブロック担当,,
,取締役常務執行役員管理本部長,,
,取締役上席執行役員西部ブロック長,,
,代表取締役社長,,
,専務取締役,,
,常務取締役兼執行役員業務スーパー事業部長,,
,取締役,,
,取締役兼執行役員社長室長,,
,代表取締役名誉会長取締役会議長,,
,代表取締役会長及び最高経営責任者(CEO),,
,取締役副会長会長補佐,,
,代表取締役社長及び最高業務執行責任者(COO),,
,代表取締役副社長経営管理担当,,
,代表取締役社長CEO,,
,代表取締役COO専務執行役員内部統制担当品質・環境統括,,
,取締役常務執行役員社長補佐関係会社統括管理統括購買担当人事・総務本部長,,
,取締役常務執行役員技術統括,,
,取締役執行役員経営企画本部長広報IR室長,,
,代表取締役会長CEO,,
,代表取締役社長COO,,
,取締役副社長執行役員営業本部長兼商品本部長,,
,取締役,,
,取締役,,
,代表取締役社長社長執行役員,,
,常務取締役常務執行役員エンジニアリング事業本部長,,
,常務取締役常務執行役員監査室担当役員企画室担当役員,,
,常務取締役常務執行役員パイプライン事業本部長,,
,取締役執行役員安全品質管理室担当役員,,
,代表取締役会長兼社長*開発本部長,,
,代表取締役*営業本部長兼生産統括本部長,,
,取締役*,,
,取締役*管理本部長,,
,取締役,,
,取締役会長(代表取締役),,
,取締役頭取(代表取締役),,
,常務取締役,,
,常務取締役営業本部長,,
,取締役人事部長兼コスト削減特命チーム部長,,
,代表取締役社長(社長執行役員),,
,取締役(専務執行役員)営業統括部門部門長,,
,取締役(常務執行役員)管理統括部門部門長管理本部本部長コンプライアンス担当,,
,取締役(常務執行役員)営業統括部門部門長代行商品本部本部長,,
,取締役(執行役員)商品本部本部長代行,,
,取締役会長,,
,代表取締役社長兼CEO兼COO,,
,代表取締役副社長営業統括,,
,取締役兼専務執行役員営業副統括,,
,取締役兼常務執行役員財務経理、貿易業務、業務管理担当役員,,
,代表取締役会長,,
,代表取締役社長社長執行役員,,
,代表取締役専務執行役員事業推進本部長,,
,取締役常務執行役員管理本部長兼経営企画部長,,
,取締役常務執行役員事業推進本部副本部長兼工務部長,,
,代表取締役会長,,
,代表取締役社長,,
,取締役専務執行役員,,
,取締役専務執行役員産業事業部長兼北海道支店長,,
,取締役(注)1,,
,取締役会長代表取締役,,
,取締役頭取代表取締役,,
,専務取締役,,
,常務取締役営業統括部長,,
,常務取締役,,
,代表取締役会長,,
,代表取締役社長品質保証部・エンドミル企画部担当,,
,取締役監査本部長,,
,取締役技術本部長,,
,取締役,,
,代表取締役社長,,
,取締役副社長経営管理本部長,,
,常務取締役生産技術本部長兼生産部長兼バイオ事業部長,,
,常務取締役営業本部長兼営業推進部長兼東京支店長,,
,取締役経営企画部長,,
,代表取締役社長減速機事業部長※,,
,取締役専務執行役員営業統括新技術開発センター日静貿易(上海)有限公司担当※,,
,取締役常務執行役員人事総務部経理部担当※,,
,取締役,,
,取締役,,
,取締役会長,,
,代表取締役社長,,
,代表取締役副社長土木事業本部長兼鉄道技術研修センター担当兼中央安全衛生委員会委員長兼安全環境部担当,,
,代表取締役副社長建築事業本部長兼エンジニアリングセンター長兼品質管理部担当,,
,代表取締役副社長,,
,代表取締役社長,,
,取締役常務執行役員経営企画本部長兼管理本部長,,
,取締役執行役員製造本部長兼㈱アルデジャパン代表取締役社長,,
,取締役,,
,取締役,,
,代表取締役社長全社統轄関係会社統轄,,
,専務取締役営業本部長兼国内食肉事業部長兼姫路支店長,,
,常務取締役輸入食肉事業部長,,
,常務取締役東京支店長,,
,取締役CVS事業部長兼関係会社担当,,
,代表取締役会長,,
,代表取締役社長,,
,取締役常務執行役員,,
,取締役常務執行役員,,
,取締役常務執行役員,,
,取締役会長,,
,代表取締役社長,,
,常務取締役,,
,常務取締役,,
,取締役営業部長,,
,取締役,,
,取締役,,
,取締役,,
,取締役,,
,取締役,,
,取締役会長兼社長(代表取締役)会長執行役員社長執行役員最高経営責任者(CEO),,
,取締役執行役員生産本部長,,
,取締役執行役員管理本部長,,
,取締役執行役員経営企画本部長グローバル開発本部担当,,
,取締役執行役員グローバル営業本部担当,,
,代表取締役会長,,
,代表取締役社長社長執行役員,,
,取締役専務執行役員国内成形品事業管掌兼開発・技術本部長,,
,取締役常務執行役員営業本部長,,
,取締役上席執行役員生産本部長,,
,代表取締役会長,,
,代表取締役副会長,,
,代表取締役社長,,
,専務取締役,,
,専務取締役,,
,取締役会長,,
,代表取締役社長,,
,取締役常務執行役員海外事業本部長,,
,取締役執行役員SCM本部長,,
,取締役執行役員経営企画本部長,,
,代表取締役社長,,
,取締役副社長執行役員商品統括,,
,取締役専務執行役員営業統括,,
,取締役常務執行役員,,
,取締役執行役員SCM本部長,,
,代表取締役会長,,
,代表取締役社長,,
,代表取締役副社長管理本部長,,
,専務取締役営業本部長,,
,常務取締役生産本部長,,
,代表取締役社長最高経営責任者,,
,取締役第一営業部部長兼第一グループ部長,,
,取締役第二営業部部長兼第六グループ部長,,
,取締役管理本部長兼経営企画部部長兼管理部部長兼営業管理部部長,,
,取締役研究開発本部長,,
,代表取締役社長,,
,取締役管理本部長兼コンプライアンス担当,,
,取締役管理本部副本部長兼総務部長,,
,取締役営業本部長,,
,取締役建築本部長,,
,代表取締役社長CEO,,
,取締役副社長,,
,取締役,,
,取締役,,
,取締役CFO,,
,取締役会長,,
,取締役社長(代表取締役)グループCEO、グループカルチャー総括,,
,取締役副社長(代表取締役)グループ資本政策総括,,
,専務取締役(代表取締役)海外事業総括、Co-HeadofInternationalBusiness,,
,専務取締役,,
,取締役会長,,
,代表取締役社長,,
,取締役(常務執行役員)米国事業本部長,,
,取締役(常務執行役員)半導体事業本部長,,
,取締役(上級執行役員)半導体事業本部副事業本部長兼マーケティング本部長,,
,代表取締役会長,,
,代表取締役社長,,
,専務取締役統括本部長,,
,常務取締役統括本部副本部長兼リクルート担当兼中部支社長,,
,常務取締役統括本部新規開発担当兼開発本部長,,
,代表取締役社長,,
,取締役副社長執行役員営業本部長彩裕フーズ株式会社代表取締役会長,,
,取締役執行役員総合企画室長兼営業戦略室長,,
,取締役執行役員人事部長,,
,取締役執行役員販売事業部長兼情報システム部管掌,,
,代表取締役会長,,
,代表取締役社長社長執行役員,,
,取締役常務執行役員,,
,取締役常務執行役員,,
,取締役常務執行役員,,
,代表取締役社長,,
,常務取締役フィッシング営業本部長兼営業一部長兼CSR担当,,
,常務取締役フィッシング営業本部副本部長兼マーケティング一部長兼広報担当,,
,常務取締役フィッシング生産本部長兼品質、法務知財担当,,
,取締役ダイワ・コルモランGmbH代表取締役社長,,
,代表取締役会長,,
,代表取締役社長,,
,取締役管理本部長,,
,取締役経営企画担当,,
,取締役事業本部長営業本部長,,
,取締役社長(代表取締役),,
,取締役,,
,取締役,,
,取締役,,
,取締役,,
,代表取締役会長兼社長,,
,代表取締役専務,,
,常務取締役,,
,取締役,,
,取締役,,
,代表取締役社長社長執行役員監査部・リスク管理担当,,
,取締役常務執行役員技術開発研究所・人材開発センター担当,,
,取締役常務執行役員総務人事部担当総務人事部長,,
,取締役常務執行役員経営企画本部長,,
,取締役常務執行役員生産供給本部長デジタルトランスフォーメーション・構造改革推進部担当,,
,代表取締役社長執行役員社長,,
,代表取締役副社長執行役員副社長,,
,取締役常務執行役員経営推進本部長,,
,取締役執行役員コーポレートコミュニケーション本部長,,
,取締役執行役員財務経理本部長,,
,代表取締役社長社長執行役員,,
,取締役常務執行役員ライフ&サポート事業本部長,,
,取締役常務執行役員商品開発研究所長,,
,取締役執行役員モビリティ&サービス事業本部長,,
,取締役執行役員経理本部長,,
,代表取締役社長,,
,取締役常務執行役員事業本部長,,
,取締役上席執行役員名古屋支店長,,
,取締役上席執行役員企画管理本部長,,
,取締役上席執行役員横浜支店長,,
,代表取締役社長社長執行役員,,
,取締役副社長副社長執行役員,,
,取締役専務執行役員本部長,,
,取締役,,
,取締役,,
,代表取締役会長,,
,代表取締役社長,,
,取締役,,
,取締役上席執行役員企画、IT企画、先進技術・事業連携担当,,
,取締役,,
,代表取締役社長,,
,取締役兼専務執行役員兼グローバルSED統括,,
,取締役兼専務執行役員管理本部長兼グローバル事業管理担当,,
,取締役(注)1,,
,取締役(注)1,,
,取締役会長,,
,代表取締役社長最高経営責任者(CEO),,
,代表取締役副社長最高執行責任者(COO)営業本部長,,
,取締役専務執行役員製造本部長,,
,取締役常務執行役員管理本部長兼経営企画部長,,
,代表取締役社長兼営業本部管掌,,
,常務取締役経営管理本部長、内部監査室・東京事務所管掌,,
,取締役資源対策本部長,,
,取締役生産本部長、高板・特殊用紙特命担当、開発本部管掌,,
,取締役(常任監査等委員),,
,代表取締役社長,,
,代表取締役専務取締役技術・生産管掌兼環境担当兼保安担当兼プロジェクト担当,,
,常務取締役KIZUNA推進担当兼管理本部長,,
,取締役安全担当,,
,取締役品質担当兼研究所長兼研究開発本部長,,
,代表取締役社長,,
,取締役会長,,
,取締役常務執行役員経営管理担当,,
,取締役常務執行役員輸送機器担当,,
,取締役常務執行役員営業担当,,
,代表取締役社長社長執行役員,,
,代表取締役専務執行役員,,
,取締役常務執行役員,,
,取締役常務執行役員,,
,取締役,,
,代表取締役社長,,
,専務取締役,,
,常務取締役,,
,取締役営業本部長,,
,取締役経営企画本部長,,
,代表取締役取締役社長,,
,取締役営業部門担当兼マーケティング本部長,,
,取締役管理本部長兼社長室長,,
,取締役製造本部長兼製造管理部長兼技術本部管掌,,
,取締役首都圏法人営業統括兼東京法人支店長,,
,代表取締役社長執行役員,,
,取締役常務執行役員コーポレート本部、研究開発センターおよびニューガラスカンパニー管掌,,
,取締役執行役員ガラスびんカンパニー社長,,
,取締役常勤監査等委員,,
,取締役(監査等委員),,
,代表取締役社長,,
,代表取締役副社長管理本部本部長,,
,常務取締役営業本部本部長,,
,常務取締役開発本部本部長,,
,常務取締役管理本部副本部長,,
,代表取締役会長兼CEO,,
,代表取締役社長兼COO,,
,代表取締役取締役会議長,,
,取締役専務執行役員,,
,取締役専務執行役員,,
,代表取締役社長,,
,常務取締役グローバルマーケティング担当,,
,取締役事業開発本部長モノづくり統括本部長,,
,取締役環境テスト機器本部長国際事業本部長福知山工場長,,
,取締役テストコンサルティング本部長宇都宮テクノコンプレックス事業所長,,
,代表取締役会長,,
,代表取締役社長研究開発本部長,,
,取締役副社長富山工場長,,
,取締役常務執行役員SCM部長,,
,取締役,,
,代表取締役社長,,
,取締役,,
,取締役経営企画部長,,
,取締役開発戦略本部長知的財産部長,,
,取締役,,
,代表取締役社長社長役員全般内部監査部担当経営企画部担当欧州地域統括担当,,
,取締役専務役員管理本部本部長河西工業ジャパン㈱代表取締役社長,,
,取締役専務役員中国地域統括担当広州河西汽車内飾件有限公司董事長・総経理開封河西汽車飾件有限公司総経理,,
,取締役,,
,取締役,,
,取締役会長(代表取締役),,
,取締役社長(代表取締役),,
,専務取締役社長室長兼経営企画室長,,
,取締役経営管理本部長兼経営管理部長,,
,取締役製造本部長,,
,代表取締役会長,,
,代表取締役社長,,
,取締役副社長執行役員押出事業部門管掌、経営企画本部管掌,,
,取締役専務執行役員ビーズ事業部門管掌、グローバル事業本部管掌,,
,取締役常務執行役員新事業開発本部長兼事業戦略室長,,
,代表取締役会長最高経営責任者(CEO),,
,代表取締役社長最高執行責任者(COO),,
,取締役執行役員副社長,,
,取締役執行役員副社長,,
,取締役グローバル商品本部本部長兼グローバル販売事業推進室室長海外販売事業管掌,,
,代表取締役社長執行役員,,
,専務取締役執行役員生産技術本部長堺事業所長,,
,常務取締役執行役員経営戦略本部長,,
,取締役執行役員研究開発本部長生産技術副本部長,,
,取締役執行役員経営戦略副本部長経理部長,,
,取締役会長(代表取締役),,
,取締役社長(代表取締役),,
,取締役副社長,,
,専務取締役営業本部長兼店舗運営部長,,
,常務取締役財務経理部長兼経営企画部長,,
,取締役会長,,
,代表取締役社長執行役員,,
,代表取締役専務執行役員,,
,取締役専務執行役員営業本部長,,
,取締役常務執行役員海外事業部長,,
,代表取締役社長,,
,取締役管理本部長兼経営企画室長兼業務統括部長,,
,取締役営業本部長兼広域営業統括兼サンプラザ営業部長,,
,取締役中日本西部統括,,
,取締役西日本統括,,
,代表取締役会長,,
,代表取締役社長,,
,取締役常務執行役員(土木事業本部長),,
,取締役常務執行役員(地盤事業本部長),,
,取締役常務執行役員(管理本部長),,
,代表取締役社長社長執行役員,,
,代表取締役副社長副社長執行役員,,
,取締役常務執行役員東京本店長兼東京本店NTT本部長兼安全品質管理本部長,,
,取締役常務執行役員東京本店都市設備本部長,,
,取締役常務執行役員調達戦略本部長兼エンジニアリングサービス統括本部長,,
,代表取締役会長,,
,代表取締役社長マーケティング戦略室長,,
,常務取締役ものづくり改革IT戦略室長,,
,常務取締役事業戦略室長,,
,取締役経営管理本部長,,
,代表取締役会長,,
,代表取締役社長兼社長執行役員,,
,取締役兼常務執行役員建設機材事業部担当兼仮設リース事業部担当兼生産本部担当,,
,取締役兼常務執行役員住宅機器事業部担当,,
,取締役兼常務執行役員経理本部長兼海外建材事業部長,,
,代表取締役社長社長執行役員,,
,代表取締役副社長執行役員,,
,代表取締役専務執行役員,,
,代表取締役専務執行役員,,
,取締役専務執行役員,,
,取締役会長代表取締役,,
,取締役頭取代表取締役,,
,常務取締役営業本部長,,
,常務取締役,,
,常務取締役与信管理部長,,
,代表取締役社長,,
,取締役専務執行役員経営企画、総務、経理、内部統制、電力事業、合金鉄の海外戦略、大阪営業所に関する事項管掌,,
,代表取締役会長,,
,代表取締役副会長,,
,代表取締役社長,,
,代表執行役社長,,
,代表執行役専務,,
,代表執行役,,
,取締役会長,,
,取締役社長,,
,取締役,,
,取締役頭取執行役員,,
,取締役副頭取執行役員,,
,取締役専務執行役員,,
,取締役常務執行役員,,
,執行専務,,
,執行役常務,,
,執行役員,,
,常務執行役員,,
,常任監査役,,
,監査役,,
,上席執行役員,,
,社長,,
,社長執行役員,,
,副社長,,
,副社長執行役員,,
,社外取締役,,
,CEO,,
,CTO,,
,CFO,,
,COO,,
,CMO,,
,CIO,,
,CHRO,,
,CSO,,
,CAO,,
,CLO,,
,CCO,,
,CPO,,
,CKO,,
,CDO,,
,CHO,,